hour,day,hour_of_day,city,pressure,air_temp,ground_temp,velocity_x,velocity_y,windspeed,damage
8785,367,0,Bayes Bay,0.9425,0.0007,0.0002,-0.1555,0.0931,0.1812,2.0648
8785,367,0,ReLU Ridge,0.9579,-0.0028,-0.0028,-0.1019,0.0368,0.1086,1.5439
8785,367,0,Offshore B,0.9641,-0.0028,-0.0009,-0.1234,0.0103,0.1239,1.6423
8785,367,0,Gradient Grove,0.9612,-0.0038,-0.0056,-0.036,-0.0344,0.0498,1.2204
8785,367,0,GANopolis,0.9682,0.0008,0.002,-0.0677,-0.0,0.0678,1.3119
8785,367,0,Tensorburg,0.9632,-0.0018,-0.0033,-0.1585,-0.0714,0.1739,2.0061
8785,367,0,Offshore A,0.9715,-0.0019,-0.0001,-0.1014,0.0171,0.1028,1.509
8785,367,0,Sparseville,0.9584,-0.0015,-0.001,-0.1134,-0.0317,0.1178,1.6036
8786,367,1,Sparseville,0.941,-0.004,-0.0033,-0.0739,-0.0372,0.083,1.3948
8786,367,1,GANopolis,0.9541,-0.0017,-0.0007,-0.055,0.016,0.0576,1.259
8786,367,1,Gradient Grove,0.9527,-0.0053,-0.0073,-0.0377,-0.0166,0.0423,1.1844
8786,367,1,Offshore B,0.9532,-0.0035,-0.0017,-0.0963,0.0226,0.0991,1.4869
8786,367,1,Bayes Bay,0.9302,0.0009,0.0007,-0.1667,0.0818,0.1857,2.1017
8786,367,1,Offshore A,0.9633,0.001,0.003,-0.0899,0.0199,0.0921,1.4454
8786,367,1,Tensorburg,0.9482,-0.0018,-0.0033,-0.1628,-0.0353,0.1671,1.9512
8786,367,1,ReLU Ridge,0.947,0.0002,0.0002,-0.1001,0.059,0.1163,1.5924
8787,367,2,Gradient Grove,0.941,-0.0047,-0.0067,-0.0541,0.0097,0.0552,1.2477
8787,367,2,Offshore A,0.9483,0.0035,0.0056,-0.0783,0.0215,0.0812,1.3838
8787,367,2,Tensorburg,0.937,-0.0013,-0.0025,-0.1685,-0.0031,0.1686,1.9626
8787,367,2,Sparseville,0.9261,-0.0039,-0.0035,-0.0312,-0.0494,0.0598,1.2702
8787,367,2,Offshore B,0.9436,-0.002,-0.0006,-0.0799,0.0353,0.0875,1.4194
8787,367,2,ReLU Ridge,0.9295,0.0032,0.0034,-0.0993,0.0749,0.1244,1.6447
8787,367,2,Bayes Bay,0.9324,0.0006,0.001,-0.1489,0.07,0.1646,1.9327
8787,367,2,GANopolis,0.931,-0.0013,-0.0008,-0.0358,0.0327,0.049,1.2168
8788,367,3,GANopolis,0.9223,0.0012,0.0011,-0.0313,0.0403,0.0511,1.2269
8788,367,3,Offshore B,0.9301,0.0003,0.0011,-0.0647,0.049,0.0814,1.385
8788,367,3,ReLU Ridge,0.9254,0.003,0.0032,-0.099,0.0819,0.1285,1.672
8788,367,3,Offshore A,0.9407,0.0053,0.0071,-0.0634,0.0207,0.0667,1.306
8788,367,3,Sparseville,0.9064,-0.0017,-0.0018,-0.0161,-0.0782,0.0798,1.3778
8788,367,3,Tensorburg,0.9294,-0.0007,-0.0014,-0.1629,0.0037,0.163,1.9193
8788,367,3,Bayes Bay,0.9313,-0.0003,0.0005,-0.1277,0.0613,0.1416,1.7626
8788,367,3,Gradient Grove,0.9406,-0.0047,-0.0066,-0.0849,0.0037,0.0853,1.408
8789,367,4,Bayes Bay,0.9308,0.0003,0.0011,-0.1093,0.051,0.1206,1.6209
8789,367,4,Tensorburg,0.9211,-0.0001,-0.0004,-0.1582,0.0054,0.1583,1.8837
8789,367,4,GANopolis,0.92,0.0032,0.0026,-0.0492,0.0321,0.0591,1.2671
8789,367,4,Sparseville,0.913,0.0006,0.0,-0.0425,-0.116,0.1238,1.6426
8789,367,4,Offshore B,0.9216,0.0018,0.002,-0.0603,0.0642,0.0881,1.4225
8789,367,4,Gradient Grove,0.932,-0.0061,-0.0076,-0.1188,-0.0186,0.1203,1.6192
8789,367,4,Offshore A,0.9261,0.0054,0.0067,-0.0433,0.0151,0.0458,1.2017
8789,367,4,ReLU Ridge,0.9173,-0.0003,-0.0001,-0.0957,0.082,0.1261,1.6558
8790,367,5,Sparseville,0.9146,0.002,0.0013,-0.0812,-0.1321,0.1555,1.8633
8790,367,5,Bayes Bay,0.9272,0.0026,0.0031,-0.0862,0.0374,0.0939,1.4568
8790,367,5,Offshore B,0.9104,0.0022,0.0022,-0.0737,0.0734,0.104,1.5164
8790,367,5,Tensorburg,0.9201,0.0004,0.0005,-0.146,0.0044,0.146,1.7936
8790,367,5,GANopolis,0.9245,0.0006,-0.0003,-0.07,0.0252,0.0745,1.3471
8790,367,5,Gradient Grove,0.9244,-0.006,-0.007,-0.146,-0.0218,0.1476,1.8055
8790,367,5,Offshore A,0.9116,0.0042,0.0047,-0.0183,0.0034,0.019,1.0795
8790,367,5,ReLU Ridge,0.9163,-0.0,0.0002,-0.0892,0.0751,0.1166,1.5947
8791,367,6,Bayes Bay,0.9161,0.0034,0.0037,-0.0739,0.0237,0.0777,1.3646
8791,367,6,Gradient Grove,0.912,-0.0029,-0.0033,-0.1618,-0.0166,0.1626,1.9168
8791,367,6,Sparseville,0.9083,0.0004,-0.0001,-0.1287,-0.1134,0.1723,1.992
8791,367,6,GANopolis,0.9214,-0.0035,-0.0043,-0.0752,0.0336,0.0825,1.3912
8791,367,6,ReLU Ridge,0.9106,0.0034,0.0035,-0.0789,0.0638,0.1015,1.5009
8791,367,6,Offshore B,0.9042,0.0021,0.002,-0.0965,0.0743,0.122,1.6292
8791,367,6,Offshore A,0.9028,0.0028,0.0024,-0.0151,-0.0117,0.0192,1.08
8791,367,6,Tensorburg,0.9138,0.0011,0.0013,-0.1376,0.0053,0.1377,1.735
8792,367,7,Sparseville,0.9003,-0.0015,-0.0017,-0.139,-0.0585,0.1517,1.8368
8792,367,7,Offshore A,0.9022,0.0003,0.0,-0.0326,-0.0183,0.0379,1.1646
8792,367,7,Tensorburg,0.8965,0.0019,0.0021,-0.1245,0.0075,0.1247,1.6475
8792,367,7,ReLU Ridge,0.9012,0.0059,0.0058,-0.0781,0.035,0.0867,1.4145
8792,367,7,Offshore B,0.8938,0.0012,0.0012,-0.1086,0.0464,0.1187,1.6084
8792,367,7,GANopolis,0.9187,-0.0056,-0.006,-0.0657,0.0501,0.0827,1.3919
8792,367,7,Bayes Bay,0.8998,0.0008,0.0008,-0.0906,0.0079,0.0911,1.4402
8792,367,7,Gradient Grove,0.8999,0.0037,0.0041,-0.1329,-0.005,0.133,1.7087
8793,367,8,Tensorburg,0.8823,0.0038,0.0038,-0.0982,-0.0015,0.0983,1.4826
8793,367,8,Bayes Bay,0.8951,-0.0023,-0.0023,-0.1067,0.0031,0.1067,1.5327
8793,367,8,Offshore B,0.9206,0.0011,0.0011,-0.0939,-0.0116,0.0958,1.4674
8793,367,8,ReLU Ridge,0.8999,0.0046,0.0046,-0.0975,-0.0047,0.0978,1.48
8793,367,8,GANopolis,0.9092,-0.0042,-0.0041,-0.072,0.0244,0.0774,1.3633
8793,367,8,Sparseville,0.9118,-0.0036,-0.0036,-0.1011,-0.0001,0.102,1.5073
8793,367,8,Gradient Grove,0.8968,0.0022,0.002,-0.0953,0.0002,0.0953,1.464
8793,367,8,Offshore A,0.927,-0.0037,-0.0036,-0.0943,0.0023,0.0948,1.4661
8794,367,9,Offshore B,0.9491,0.0008,0.0006,-0.0665,-0.0563,0.0878,1.4208
8794,367,9,Bayes Bay,0.9526,-0.0013,-0.0011,-0.102,0.0185,0.1038,1.5146
8794,367,9,ReLU Ridge,0.9521,-0.0016,-0.0015,-0.1221,-0.0142,0.123,1.6354
8794,367,9,Gradient Grove,0.9539,0.0005,-0.0001,-0.1171,-0.0053,0.1173,1.5989
8794,367,9,GANopolis,0.9685,-0.0027,-0.002,-0.0884,-0.0004,0.0884,1.4245
8794,367,9,Offshore A,0.9674,-0.0066,-0.006,-0.1398,0.0244,0.1419,1.7643
8794,367,9,Sparseville,0.9485,-0.0044,-0.0043,-0.0577,0.0333,0.067,1.3074
8794,367,9,Tensorburg,0.9448,0.0047,0.0042,-0.0837,-0.0172,0.0855,1.408
8795,367,10,Offshore A,1.0041,-0.007,-0.0059,-0.1236,0.0245,0.126,1.6559
8795,367,10,Tensorburg,1.0035,0.0024,0.0015,-0.1045,-0.018,0.1061,1.5289
8795,367,10,GANopolis,1.016,-0.0033,-0.0022,-0.0758,0.0007,0.0759,1.3549
8795,367,10,Offshore B,0.9769,-0.001,-0.0015,-0.0596,-0.071,0.0927,1.449
8795,367,10,Sparseville,0.9916,-0.0041,-0.0041,-0.0784,0.0389,0.0877,1.4205
8795,367,10,Gradient Grove,0.9939,0.0005,-0.0003,-0.111,-0.0132,0.1118,1.564
8795,367,10,ReLU Ridge,0.9944,-0.0041,-0.0044,-0.1115,0.0109,0.1127,1.5696
8795,367,10,Bayes Bay,1.0041,-0.0005,0.0001,-0.0985,0.0332,0.104,1.5158
8796,367,11,Offshore B,1.0221,-0.0017,-0.0024,-0.053,-0.0683,0.0866,1.4145
8796,367,11,ReLU Ridge,1.0158,-0.004,-0.0045,-0.1262,0.0553,0.138,1.7399
8796,367,11,Sparseville,1.0134,-0.0043,-0.0043,-0.0847,0.0276,0.0892,1.4287
8796,367,11,Offshore A,1.0444,-0.0037,-0.002,-0.1189,0.0237,0.1212,1.6241
8796,367,11,GANopolis,1.0237,-0.0044,-0.003,-0.0673,0.003,0.0674,1.3094
8796,367,11,Gradient Grove,1.0239,0.0031,0.0023,-0.1182,-0.0156,0.1192,1.6115
8796,367,11,Bayes Bay,1.0082,-0.002,-0.0015,-0.0754,0.0464,0.0888,1.4269
8796,367,11,Tensorburg,1.0106,-0.0012,-0.0024,-0.1152,-0.0211,0.1171,1.5977
8797,367,12,GANopolis,1.0456,-0.0022,-0.001,-0.0508,0.0025,0.0508,1.2264
8797,367,12,Offshore B,1.0246,-0.001,-0.0018,-0.0264,-0.0666,0.0718,1.3328
8797,367,12,Sparseville,1.0409,-0.0045,-0.0045,-0.0945,0.0091,0.095,1.4628
8797,367,12,Tensorburg,1.046,-0.0026,-0.004,-0.118,-0.0387,0.1243,1.6443
8797,367,12,ReLU Ridge,1.0292,-0.0041,-0.0045,-0.152,0.0732,0.1687,1.964
8797,367,12,Bayes Bay,1.0349,-0.0012,-0.0009,-0.0588,0.0616,0.0853,1.4068
8797,367,12,Gradient Grove,1.0302,0.0041,0.0036,-0.1256,-0.0166,0.1267,1.66
8797,367,12,Offshore A,1.0516,-0.0001,0.002,-0.1077,0.0264,0.1109,1.5586
8798,367,13,GANopolis,1.0471,0.0011,0.0003,-0.0361,-0.0001,0.0361,1.1561
8798,367,13,Offshore B,1.045,-0.0014,-0.0025,-0.0134,-0.0752,0.0766,1.3587
8798,367,13,Sparseville,1.0453,-0.004,-0.0041,-0.102,0.0021,0.1021,1.5043
8798,367,13,Bayes Bay,1.0308,0.0027,0.0025,-0.0543,0.0775,0.0947,1.4606
8798,367,13,ReLU Ridge,1.0476,-0.0012,-0.0013,-0.1565,0.0593,0.1675,1.954
8798,367,13,Gradient Grove,1.0502,0.0018,0.0015,-0.1199,-0.0292,0.1236,1.6394
8798,367,13,Tensorburg,1.049,0.0003,-0.0012,-0.1249,-0.0422,0.1319,1.6951
8798,367,13,Offshore A,1.0752,0.0028,0.0051,-0.0967,0.0321,0.1019,1.5031
8799,367,14,Offshore B,1.0437,-0.0028,-0.0042,-0.0008,-0.1042,0.1043,1.5196
8799,367,14,GANopolis,1.0667,0.0022,0.0001,-0.0581,-0.003,0.0581,1.2619
8799,367,14,Bayes Bay,1.0512,0.0053,0.0047,-0.0662,0.087,0.1094,1.5492
8799,367,14,Gradient Grove,1.0502,-0.0008,-0.0011,-0.1114,-0.0538,0.1241,1.6429
8799,367,14,Tensorburg,1.0665,0.0032,0.0017,-0.1238,-0.0267,0.1267,1.66
8799,367,14,ReLU Ridge,1.0601,0.0027,0.0032,-0.1413,0.0455,0.1484,1.8123
8799,367,14,Sparseville,1.061,-0.0035,-0.0036,-0.1074,-0.0065,0.1076,1.5382
8799,367,14,Offshore A,1.079,0.0012,0.0035,-0.094,0.0393,0.102,1.5036
8800,367,15,ReLU Ridge,1.0768,0.002,0.0026,-0.1085,0.0431,0.1168,1.5961
8800,367,15,Bayes Bay,1.059,0.0028,0.0021,-0.0836,0.0901,0.123,1.6357
8800,367,15,Sparseville,1.0653,-0.002,-0.002,-0.1134,-0.0242,0.1162,1.5915
8800,367,15,Offshore A,1.0891,-0.002,0.0002,-0.0942,0.0438,0.1038,1.515
8800,367,15,GANopolis,1.0767,0.0027,0.0007,-0.0542,0.005,0.0547,1.2448
8800,367,15,Tensorburg,1.0713,0.0041,0.0026,-0.1146,-0.0228,0.1168,1.5958
8800,367,15,Offshore B,1.0512,-0.0033,-0.0048,-0.0236,-0.1488,0.1511,1.8327
8800,367,15,Gradient Grove,1.0575,-0.0014,-0.0018,-0.1,-0.0847,0.1312,1.6905
8801,367,16,Tensorburg,1.075,0.0026,0.0013,-0.1241,-0.0295,0.1276,1.6664
8801,367,16,Bayes Bay,1.0682,-0.0002,-0.0008,-0.1048,0.0833,0.1341,1.7099
8801,367,16,Offshore A,1.1001,-0.005,-0.0031,-0.0982,0.0424,0.107,1.5342
8801,367,16,Sparseville,1.0707,0.0007,0.0007,-0.1137,-0.0423,0.1214,1.6251
8801,367,16,ReLU Ridge,1.0857,-0.0001,0.0004,-0.088,0.0462,0.0996,1.4896
8801,367,16,Offshore B,1.0727,-0.0037,-0.0051,-0.0454,-0.157,0.1638,1.9266
8801,367,16,GANopolis,1.0822,0.0025,0.0009,-0.0445,0.0214,0.0498,1.2205
8801,367,16,Gradient Grove,1.0661,-0.0008,-0.0015,-0.0879,-0.0978,0.1316,1.6928
8802,367,17,GANopolis,1.0869,0.0029,0.0019,-0.0414,0.0219,0.0474,1.2087
8802,367,17,Tensorburg,1.0821,0.0013,0.0006,-0.1405,-0.0218,0.1424,1.7677
8802,367,17,ReLU Ridge,1.0882,-0.0013,-0.0011,-0.0686,0.0568,0.0892,1.4288
8802,367,17,Offshore A,1.1023,-0.0066,-0.0051,-0.1,0.0317,0.105,1.5219
8802,367,17,Gradient Grove,1.0892,-0.0011,-0.0019,-0.0782,-0.0706,0.106,1.5296
8802,367,17,Offshore B,1.0855,-0.0034,-0.0044,-0.0483,-0.121,0.1305,1.686
8802,367,17,Bayes Bay,1.0812,-0.0043,-0.0048,-0.1194,0.0674,0.1373,1.7315
8802,367,17,Sparseville,1.0804,0.0034,0.0034,-0.1176,-0.0576,0.1309,1.6885
8803,367,18,Gradient Grove,1.1019,-0.0023,-0.003,-0.0636,-0.0216,0.0681,1.3152
8803,367,18,Sparseville,1.0872,0.0018,0.0018,-0.1213,-0.0593,0.1351,1.7165
8803,367,18,Offshore B,1.0826,-0.0019,-0.0025,-0.0939,-0.0973,0.1363,1.7255
8803,367,18,ReLU Ridge,1.0941,-0.0015,-0.0016,-0.0649,0.073,0.0977,1.4785
8803,367,18,Tensorburg,1.0908,0.0032,0.0035,-0.142,0.0028,0.1422,1.7663
8803,367,18,Bayes Bay,1.0901,-0.0062,-0.0065,-0.125,0.0452,0.1331,1.7032
8803,367,18,Offshore A,1.1129,-0.0046,-0.0035,-0.0935,0.0222,0.0961,1.469
8803,367,18,GANopolis,1.0952,0.0028,0.0024,-0.0761,0.0002,0.0764,1.3586
8804,367,19,Bayes Bay,1.1009,-0.005,-0.0051,-0.1178,0.0164,0.1192,1.6114
8804,367,19,ReLU Ridge,1.1079,-0.0027,-0.0028,-0.0862,0.074,0.1139,1.5774
8804,367,19,Tensorburg,1.0982,0.0034,0.0037,-0.1349,0.018,0.1362,1.7241
8804,367,19,GANopolis,1.1089,0.0003,0.0002,-0.1062,-0.0053,0.1063,1.5306
8804,367,19,Gradient Grove,1.1275,-0.0013,-0.0017,-0.0369,0.0281,0.0476,1.2101
8804,367,19,Offshore A,1.1196,-0.0023,-0.0016,-0.0905,0.0127,0.0914,1.4417
8804,367,19,Offshore B,1.1147,-0.001,-0.0012,-0.1051,-0.0561,0.1196,1.6157
8804,367,19,Sparseville,1.1007,-0.0019,-0.0019,-0.112,-0.045,0.1208,1.6217
8805,367,20,ReLU Ridge,1.0974,-0.0036,-0.0036,-0.0986,0.0333,0.1057,1.5268
8805,367,20,Gradient Grove,1.1216,0.0012,0.0011,-0.053,0.0373,0.0656,1.3006
8805,367,20,Bayes Bay,1.1207,0.0001,0.0,-0.1065,-0.007,0.1067,1.5332
8805,367,20,Sparseville,1.1233,-0.001,-0.001,-0.0981,-0.0093,0.0992,1.4872
8805,367,20,Offshore A,1.0891,-0.0012,-0.0011,-0.0929,0.0022,0.093,1.4512
8805,367,20,Tensorburg,1.1032,-0.0002,-0.0002,-0.1119,0.0089,0.1125,1.5708
8805,367,20,GANopolis,1.1152,-0.0024,-0.0024,-0.1118,-0.005,0.1119,1.5646
8805,367,20,Offshore B,1.1211,-0.0022,-0.0022,-0.0852,-0.022,0.0883,1.4241
8806,367,21,Bayes Bay,1.0736,-0.0013,-0.0012,-0.0679,0.0147,0.071,1.3299
8806,367,21,Sparseville,1.0854,0.0024,0.0024,-0.0796,0.0265,0.0847,1.4033
8806,367,21,Gradient Grove,1.0881,0.0018,0.002,-0.1015,0.0347,0.1073,1.5373
8806,367,21,Tensorburg,1.052,-0.0039,-0.0041,-0.0605,-0.0224,0.066,1.3033
8806,367,21,GANopolis,1.0696,-0.0019,-0.0018,-0.1074,-0.0009,0.1075,1.5373
8806,367,21,Offshore A,1.0549,-0.0022,-0.0025,-0.1389,-0.0021,0.139,1.7479
8806,367,21,ReLU Ridge,1.056,-0.0021,-0.0021,-0.107,-0.0245,0.1108,1.5585
8806,367,21,Offshore B,1.0942,-0.0023,-0.0024,-0.0717,-0.0013,0.0718,1.3336
8807,367,22,ReLU Ridge,1.0362,-0.0002,-0.0003,-0.1021,-0.0512,0.1144,1.5806
8807,367,22,GANopolis,1.0461,0.0008,0.0011,-0.1247,0.0114,0.1252,1.6505
8807,367,22,Offshore A,1.0275,-0.0026,-0.0032,-0.1592,0.0045,0.1593,1.8914
8807,367,22,Offshore B,1.017,-0.0003,-0.0007,-0.0419,0.0032,0.0422,1.1844
8807,367,22,Sparseville,1.0158,0.0043,0.0041,-0.0773,0.0372,0.0859,1.4106
8807,367,22,Gradient Grove,1.0492,-0.0004,0.0001,-0.1053,0.0176,0.1072,1.5365
8807,367,22,Bayes Bay,1.0168,-0.0011,-0.0011,-0.0547,0.0488,0.0733,1.3415
8807,367,22,Tensorburg,1.0281,-0.0059,-0.0066,-0.0652,-0.0314,0.0726,1.3381
8808,367,23,Tensorburg,0.9923,-0.0034,-0.0044,-0.0949,-0.0377,0.1022,1.5056
8808,367,23,Bayes Bay,0.98,0.0005,0.0003,-0.0607,0.0584,0.0842,1.4008
8808,367,23,Gradient Grove,1.01,-0.0015,-0.0005,-0.0986,-0.0084,0.099,1.4861
8808,367,23,GANopolis,1.0017,0.0014,0.0022,-0.121,0.0134,0.1218,1.6276
8808,367,23,Sparseville,0.9954,0.0035,0.0029,-0.1035,0.0185,0.1054,1.5248
8808,367,23,Offshore A,0.9931,-0.0016,-0.0024,-0.1504,0.0128,0.1509,1.8289
8808,367,23,ReLU Ridge,0.9898,0.0012,0.0007,-0.1073,-0.0654,0.1257,1.6537
8808,367,23,Offshore B,0.9994,-0.0003,-0.0012,-0.0362,-0.0184,0.0411,1.1792
8809,368,0,ReLU Ridge,0.9705,0.0018,0.0008,-0.1068,-0.0925,0.142,1.7652
8809,368,0,Offshore B,0.9758,-0.0032,-0.0045,-0.0385,-0.0431,0.058,1.2614
8809,368,0,Bayes Bay,0.9621,-0.0017,-0.0025,-0.0579,0.049,0.0761,1.3559
8809,368,0,Sparseville,0.9716,-0.0015,-0.0016,-0.1171,-0.0086,0.1176,1.6005
8809,368,0,Offshore A,0.9696,0.0002,-0.0004,-0.1562,0.0167,0.1571,1.8747
8809,368,0,Gradient Grove,0.9916,-0.0013,0.0,-0.1037,-0.0125,0.1045,1.5188
8809,368,0,Tensorburg,0.9746,-0.0,-0.0014,-0.1055,-0.048,0.1161,1.5912
8809,368,0,GANopolis,0.9853,-0.0003,0.0008,-0.1124,0.0065,0.1126,1.5689
8810,368,1,GANopolis,0.9721,-0.0009,0.0003,-0.1018,-0.0057,0.1021,1.5044
8810,368,1,ReLU Ridge,0.9561,0.0013,0.0,-0.112,-0.1077,0.1557,1.8639
8810,368,1,Tensorburg,0.9565,0.0029,0.0013,-0.1318,0.0013,0.134,1.7101
8810,368,1,Gradient Grove,0.976,-0.0009,0.0005,-0.0886,-0.0087,0.089,1.4278
8810,368,1,Sparseville,0.9578,-0.0022,-0.0017,-0.1139,-0.026,0.1169,1.5965
8810,368,1,Offshore A,0.9525,0.0011,0.0007,-0.1475,0.0212,0.149,1.8147
8810,368,1,Bayes Bay,0.9536,-0.0049,-0.0062,-0.0694,0.0444,0.0825,1.3907
8810,368,1,Offshore B,0.9584,-0.004,-0.0055,-0.0514,-0.0524,0.0738,1.3438
8811,368,2,Gradient Grove,0.9643,-0.0007,0.0006,-0.0779,-0.0009,0.0779,1.366
8811,368,2,Tensorburg,0.9439,0.0016,-0.0001,-0.1615,0.048,0.1685,1.9645
8811,368,2,GANopolis,0.9569,0.0013,0.0024,-0.0986,-0.0222,0.1012,1.4991
8811,368,2,ReLU Ridge,0.9427,0.0003,-0.0009,-0.1424,-0.0744,0.1613,1.9066
8811,368,2,Bayes Bay,0.9419,-0.0037,-0.0055,-0.0667,0.0606,0.0903,1.4356
8811,368,2,Offshore B,0.9485,-0.0026,-0.004,-0.0881,-0.0358,0.0958,1.4674
8811,368,2,Offshore A,0.9423,0.0016,0.0015,-0.1483,0.0137,0.1489,1.8144
8811,368,2,Sparseville,0.9451,-0.003,-0.0024,-0.0899,-0.0354,0.0967,1.4724
8812,368,3,Tensorburg,0.9364,-0.0021,-0.0037,-0.1291,0.0934,0.1656,1.9444
8812,368,3,Sparseville,0.9349,-0.0031,-0.0026,-0.0704,-0.0392,0.0807,1.3811
8812,368,3,Offshore B,0.9363,-0.0018,-0.0031,-0.1166,-0.0144,0.1177,1.6014
8812,368,3,Bayes Bay,0.9405,-0.0021,-0.004,-0.0764,0.0887,0.1171,1.5984
8812,368,3,GANopolis,0.9517,0.0036,0.0045,-0.0977,-0.0396,0.1055,1.5252
8812,368,3,Offshore A,0.9336,0.0027,0.0029,-0.1418,-0.0007,0.1418,1.7638
8812,368,3,ReLU Ridge,0.9325,-0.0027,-0.0036,-0.1542,-0.0525,0.1629,1.9187
8812,368,3,Gradient Grove,0.9476,-0.0011,-0.0001,-0.0563,0.0115,0.0578,1.2604
8813,368,4,Gradient Grove,0.9332,-0.0017,-0.0011,-0.0371,0.0296,0.048,1.2119
8813,368,4,Bayes Bay,0.9328,-0.004,-0.0057,-0.1069,0.0839,0.1365,1.7268
8813,368,4,Tensorburg,0.8569,-0.0057,-0.0072,0.0399,0.0873,0.1208,1.6226
8813,368,4,ReLU Ridge,0.9237,-0.0052,-0.0057,-0.1587,-0.0525,0.1672,1.9517
8813,368,4,Sparseville,0.9232,-0.0002,-0.0002,-0.0591,-0.0523,0.0791,1.3725
8813,368,4,Offshore A,0.9344,0.0039,0.0044,-0.1351,-0.0078,0.1353,1.7181
8813,368,4,GANopolis,0.9417,0.0034,0.0042,-0.1032,-0.0515,0.1154,1.5865
8813,368,4,Offshore B,0.9361,-0.0032,-0.0044,-0.1226,-0.0094,0.123,1.6359
8814,368,5,ReLU Ridge,0.9189,-0.0055,-0.0058,-0.1573,-0.0525,0.1658,1.9412
8814,368,5,Offshore A,0.9316,0.005,0.0058,-0.1294,-0.0051,0.1295,1.6788
8814,368,5,GANopolis,0.9391,0.0023,0.0031,-0.1085,-0.0521,0.1204,1.6187
8814,368,5,Tensorburg,0.7714,-0.0065,-0.0078,0.0978,-0.2042,0.2385,2.6517
8814,368,5,Bayes Bay,0.9315,-0.0067,-0.0079,-0.1286,0.0486,0.1377,1.7348
8814,368,5,Offshore B,0.9292,-0.005,-0.006,-0.1228,-0.0267,0.1258,1.6541
8814,368,5,Sparseville,0.9183,0.0021,0.0017,-0.0866,-0.0944,0.1281,1.6748
8814,368,5,Gradient Grove,0.9165,-0.0002,-0.0001,-0.0239,0.0424,0.0487,1.2151
8815,368,6,Offshore B,0.9244,-0.0045,-0.0052,-0.1347,-0.038,0.1399,1.7503
8815,368,6,Bayes Bay,0.9099,-0.0061,-0.0068,-0.123,0.064,0.1388,1.7434
8815,368,6,Sparseville,0.9074,0.0003,-0.0001,-0.1192,-0.1233,0.1716,1.9869
8815,368,6,GANopolis,0.9345,0.0025,0.0033,-0.1098,-0.0439,0.1183,1.605
8815,368,6,ReLU Ridge,0.9209,-0.0062,-0.0064,-0.1448,-0.0376,0.1497,1.8204
8815,368,6,Offshore A,0.9331,0.0048,0.0057,-0.1245,0.0005,0.1245,1.6453
8815,368,6,Gradient Grove,0.9144,0.0021,0.0018,-0.0283,0.0375,0.0473,1.2084
8815,368,6,Tensorburg,0.8467,-0.0034,-0.0044,-0.0523,-0.2376,0.2468,2.6991
8816,368,7,Sparseville,0.904,-0.0013,-0.0015,-0.1462,-0.0858,0.1707,1.9799
8816,368,7,Gradient Grove,0.9139,0.0034,0.0029,-0.0449,0.0219,0.0504,1.2234
8816,368,7,GANopolis,0.9242,0.0029,0.0035,-0.1076,-0.0341,0.1129,1.571
8816,368,7,Offshore B,0.9147,-0.0015,-0.0018,-0.1447,-0.0311,0.1481,1.8083
8816,368,7,Bayes Bay,0.9059,-0.0013,-0.0017,-0.1445,0.0683,0.1599,1.8957
8816,368,7,Tensorburg,0.8868,-0.0007,-0.0014,-0.1319,-0.1642,0.2114,2.3301
8816,368,7,Offshore A,0.9271,0.0027,0.0034,-0.1204,0.0067,0.1206,1.6202
8816,368,7,ReLU Ridge,0.9153,-0.0064,-0.0065,-0.1319,-0.0127,0.1327,1.7006
8817,368,8,Tensorburg,0.9013,-0.0005,-0.0008,-0.1731,-0.1252,0.2149,2.368
8817,368,8,ReLU Ridge,0.8992,-0.0052,-0.0052,-0.1177,0.0073,0.118,1.6031
8817,368,8,Sparseville,0.8881,-0.0003,-0.0003,-0.1232,-0.0109,0.1257,1.661
8817,368,8,Gradient Grove,0.9144,0.0004,0.0001,-0.0619,0.0003,0.0622,1.283
8817,368,8,Offshore A,0.8988,0.0005,0.0009,-0.1143,0.0112,0.1149,1.5835
8817,368,8,Bayes Bay,0.8986,0.0015,0.0014,-0.1303,0.046,0.1385,1.7421
8817,368,8,Offshore B,0.9014,0.0011,0.0012,-0.1297,-0.0058,0.13,1.6853
8817,368,8,GANopolis,0.8927,0.0031,0.0033,-0.101,-0.0157,0.1025,1.5067
8818,368,9,ReLU Ridge,0.8873,-0.0038,-0.0038,-0.1041,-0.003,0.1043,1.5181
8818,368,9,GANopolis,0.8883,0.0026,0.0025,-0.1063,-0.0003,0.1063,1.5298
8818,368,9,Offshore B,0.8973,-0.0001,-0.0002,-0.0957,-0.0013,0.0958,1.467
8818,368,9,Tensorburg,0.9316,-0.0024,-0.0023,-0.1242,-0.0356,0.1296,1.688
8818,368,9,Sparseville,0.9186,-0.0003,-0.0003,-0.0191,0.0694,0.0795,1.3761
8818,368,9,Bayes Bay,0.9248,0.0006,0.0007,-0.0907,-0.0088,0.0929,1.4512
8818,368,9,Gradient Grove,0.908,-0.0035,-0.0034,-0.0848,0.0018,0.0849,1.405
8818,368,9,Offshore A,0.8745,-0.0011,-0.0012,-0.1039,-0.002,0.104,1.5162
8819,368,10,ReLU Ridge,0.9444,-0.0014,-0.0014,-0.1001,-0.032,0.1052,1.5234
8819,368,10,Sparseville,0.9449,-0.0025,-0.0027,-0.0181,0.1365,0.142,1.7681
8819,368,10,Tensorburg,0.9678,-0.0027,-0.0022,-0.0674,-0.0089,0.068,1.3129
8819,368,10,Offshore B,0.9534,-0.0026,-0.0032,-0.1202,-0.0155,0.1212,1.6244
8819,368,10,Gradient Grove,0.9673,-0.0058,-0.0052,-0.099,0.0141,0.1,1.492
8819,368,10,Bayes Bay,0.9458,0.0005,0.0007,-0.0522,-0.0642,0.0835,1.397
8819,368,10,GANopolis,0.944,-0.0,-0.0003,-0.1188,-0.0061,0.119,1.6106
8819,368,10,Offshore A,0.9476,0.0004,-0.0002,-0.1215,-0.0143,0.1224,1.6323
8820,368,11,GANopolis,0.9919,-0.0016,-0.002,-0.1542,-0.0273,0.1567,1.8734
8820,368,11,Gradient Grove,1.0205,-0.0058,-0.0047,-0.0937,0.0145,0.0948,1.4613
8820,368,11,Bayes Bay,0.9708,0.0009,0.0008,-0.0603,-0.0833,0.1028,1.509
8820,368,11,Sparseville,0.9659,-0.0042,-0.0045,-0.1476,0.1122,0.1877,2.1189
8820,368,11,Offshore A,1.0054,0.0031,0.002,-0.134,-0.0177,0.1352,1.7175
8820,368,11,Tensorburg,1.0,-0.0021,-0.0014,-0.0749,-0.0071,0.0753,1.3514
8820,368,11,Offshore B,0.9935,-0.0023,-0.0032,-0.1221,-0.0307,0.126,1.6554
8820,368,11,ReLU Ridge,0.9984,0.0019,0.0018,-0.108,-0.0452,0.1171,1.5977
8821,368,12,Offshore A,1.0141,0.005,0.0036,-0.1398,-0.026,0.1422,1.7663
8821,368,12,Gradient Grove,1.0263,-0.0049,-0.0034,-0.0902,0.0173,0.0918,1.4437
8821,368,12,GANopolis,1.002,-0.0002,-0.0003,-0.1665,-0.043,0.172,1.9897
8821,368,12,ReLU Ridge,1.0017,0.0038,0.0037,-0.1034,-0.0626,0.121,1.6224
8821,368,12,Bayes Bay,1.0071,0.0003,-0.0002,-0.0616,-0.0823,0.1028,1.5089
8821,368,12,Offshore B,1.0199,-0.0006,-0.0015,-0.1385,-0.0406,0.1444,1.7824
8821,368,12,Tensorburg,1.0242,-0.0012,-0.0005,-0.0647,-0.0085,0.0653,1.2989
8821,368,12,Sparseville,1.0168,-0.0028,-0.0028,-0.1604,0.0749,0.1771,2.031
8822,368,13,Offshore B,1.026,0.0012,0.0007,-0.1489,-0.0435,0.1552,1.8601
8822,368,13,Gradient Grove,1.0572,-0.0053,-0.0036,-0.0829,0.0179,0.0848,1.404
8822,368,13,Tensorburg,1.0395,-0.0004,0.0001,-0.0604,-0.0121,0.0616,1.2796
8822,368,13,Offshore A,1.0423,0.0056,0.004,-0.1388,-0.0157,0.1397,1.749
8822,368,13,GANopolis,1.0378,0.0026,0.0029,-0.1629,-0.039,0.1676,1.9549
8822,368,13,Sparseville,1.0246,-0.0007,-0.0003,-0.1512,0.0576,0.1618,1.9109
8822,368,13,Bayes Bay,1.0252,-0.0003,-0.0011,-0.0839,-0.082,0.1176,1.6021
8822,368,13,ReLU Ridge,1.0343,0.0013,0.0011,-0.1036,-0.0758,0.1284,1.6714
8823,368,14,Sparseville,1.0571,0.0018,0.0027,-0.1325,0.0442,0.1397,1.7492
8823,368,14,Bayes Bay,1.0453,0.0012,0.0003,-0.1179,-0.0734,0.1391,1.7445
8823,368,14,Gradient Grove,1.0585,-0.0062,-0.0045,-0.072,0.0164,0.0739,1.3437
8823,368,14,Tensorburg,1.0456,0.0002,0.0003,-0.0553,-0.0155,0.0575,1.2587
8823,368,14,ReLU Ridge,1.0348,-0.0008,-0.0011,-0.1123,-0.0824,0.1393,1.7461
8823,368,14,Offshore A,1.0443,0.0049,0.0037,-0.1466,-0.0082,0.1469,1.8005
8823,368,14,Offshore B,1.0448,0.002,0.0019,-0.1414,-0.053,0.151,1.8296
8823,368,14,GANopolis,1.0488,0.0027,0.0037,-0.1483,-0.0269,0.1507,1.8278
8824,368,15,Tensorburg,1.058,0.0006,0.0003,-0.0498,-0.0197,0.0535,1.2389
8824,368,15,Sparseville,1.0698,0.0018,0.003,-0.1131,0.0349,0.1183,1.6055
8824,368,15,GANopolis,1.0738,-0.001,0.0007,-0.1308,-0.0173,0.132,1.6957
8824,368,15,Offshore A,1.0543,0.0031,0.0035,-0.1584,-0.0006,0.1584,1.8852
8824,368,15,Offshore B,1.0478,0.0023,0.0024,-0.1263,-0.0659,0.1426,1.7696
8824,368,15,Gradient Grove,1.0697,-0.0043,-0.0032,-0.0635,0.0117,0.0646,1.2951
8824,368,15,Bayes Bay,1.0584,0.0031,0.0024,-0.1311,-0.0459,0.1393,1.7459
8824,368,15,ReLU Ridge,1.054,0.0015,0.0012,-0.1227,-0.076,0.1444,1.7819
8825,368,16,GANopolis,1.0839,-0.0039,-0.0019,-0.1191,-0.0103,0.1196,1.6135
8825,368,16,Bayes Bay,1.0636,0.0025,0.0022,-0.1452,-0.0205,0.1468,1.7988
8825,368,16,ReLU Ridge,1.064,0.0051,0.0051,-0.121,-0.0608,0.1355,1.7194
8825,368,16,Sparseville,1.0841,0.0001,0.0012,-0.1011,0.0255,0.1043,1.5179
8825,368,16,Gradient Grove,1.0708,0.0006,-0.0,-0.0499,0.0029,0.0501,1.222
8825,368,16,Offshore A,1.072,0.0026,0.0037,-0.1393,0.0078,0.1395,1.7472
8825,368,16,Tensorburg,1.0664,0.0011,0.0003,-0.0594,-0.0234,0.0638,1.2909
8825,368,16,Offshore B,1.0564,0.0018,0.0019,-0.1028,-0.0808,0.1309,1.6883
8826,368,17,Sparseville,1.0909,-0.002,-0.0012,-0.0736,0.0197,0.0763,1.358
8826,368,17,GANopolis,1.0922,-0.0038,-0.0019,-0.1098,-0.0049,0.1099,1.5524
8826,368,17,Offshore B,1.0593,0.0009,0.0008,-0.088,-0.0975,0.1314,1.6918
8826,368,17,Tensorburg,1.0738,0.002,0.0009,-0.0651,-0.0167,0.0673,1.309
8826,368,17,Offshore A,1.0832,-0.001,0.0004,-0.137,0.0149,0.1378,1.7354
8826,368,17,ReLU Ridge,1.0747,0.0058,0.0063,-0.113,-0.0419,0.1205,1.6201
8826,368,17,Bayes Bay,1.0762,-0.001,-0.0007,-0.1343,-0.006,0.1345,1.713
8826,368,17,Gradient Grove,1.0832,0.0019,-0.0001,-0.0812,-0.0148,0.0827,1.3936
8827,368,18,ReLU Ridge,1.0872,0.003,0.0036,-0.094,-0.0248,0.0973,1.4762
8827,368,18,GANopolis,1.1045,-0.0016,0.0001,-0.0995,-0.0012,0.0995,1.4891
8827,368,18,Offshore B,1.0732,0.0008,0.0004,-0.0769,-0.0944,0.1218,1.6283
8827,368,18,Bayes Bay,1.0887,-0.0018,-0.0012,-0.1181,0.0107,0.1187,1.608
8827,368,18,Gradient Grove,1.0925,-0.0003,-0.002,-0.098,-0.0327,0.1033,1.512
8827,368,18,Sparseville,1.0774,-0.0038,-0.0034,-0.0573,0.0422,0.0713,1.3305
8827,368,18,Offshore A,1.0956,-0.0039,-0.0025,-0.1323,0.0182,0.1336,1.7063
8827,368,18,Tensorburg,1.0842,0.0036,0.0025,-0.0803,-0.0142,0.0816,1.3865
8828,368,19,Sparseville,1.0934,-0.0041,-0.004,-0.0733,0.0317,0.0802,1.3781
8828,368,19,Offshore B,1.091,-0.0007,-0.0011,-0.0779,-0.0786,0.1107,1.5571
8828,368,19,ReLU Ridge,1.0965,-0.0046,-0.0048,-0.096,-0.0061,0.0965,1.4714
8828,368,19,Tensorburg,1.0891,0.0026,0.0017,-0.1107,-0.0475,0.1207,1.6248
8828,368,19,Bayes Bay,1.0906,0.0002,0.0007,-0.1051,0.0238,0.1078,1.5393
8828,368,19,GANopolis,1.1083,-0.0011,0.0002,-0.092,0.0022,0.0921,1.4453
8828,368,19,Offshore A,1.1086,-0.0059,-0.0047,-0.1274,0.0193,0.1288,1.6743
8828,368,19,Gradient Grove,1.0971,-0.0011,-0.0022,-0.0978,-0.0142,0.0994,1.4885
8829,368,20,Bayes Bay,1.1018,-0.0006,-0.0003,-0.0864,0.0291,0.0912,1.4405
8829,368,20,Tensorburg,1.0933,-0.0005,-0.001,-0.1602,-0.071,0.1757,2.0214
8829,368,20,GANopolis,1.1087,-0.0026,-0.0019,-0.0828,0.004,0.0829,1.3932
8829,368,20,ReLU Ridge,1.1029,-0.0044,-0.0046,-0.1139,0.0223,0.1162,1.5924
8829,368,20,Offshore B,1.1192,-0.0023,-0.0026,-0.0739,-0.047,0.0883,1.4246
8829,368,20,Sparseville,1.1091,-0.0041,-0.0041,-0.0798,0.0063,0.0807,1.3808
8829,368,20,Gradient Grove,1.1076,0.0006,0.0001,-0.0978,0.0157,0.0991,1.4867
8829,368,20,Offshore A,1.1142,-0.0039,-0.0032,-0.1227,0.0212,0.1246,1.6458
8830,368,21,GANopolis,1.1153,-0.0026,-0.0025,-0.1026,-0.0013,0.1026,1.5093
8830,368,21,Sparseville,1.1187,-0.0045,-0.0045,-0.0927,-0.0126,0.0937,1.4552
8830,368,21,ReLU Ridge,1.1118,-0.0045,-0.0046,-0.1154,0.0163,0.1168,1.597
8830,368,21,Gradient Grove,1.1202,0.0035,0.0034,-0.1033,0.0062,0.1035,1.5131
8830,368,21,Offshore B,1.118,-0.002,-0.0021,-0.0669,0.0064,0.0687,1.3164
8830,368,21,Bayes Bay,1.1196,-0.0018,-0.0017,-0.0897,0.0079,0.0905,1.4365
8830,368,21,Tensorburg,1.1187,-0.0036,-0.0037,-0.1603,0.0264,0.1671,1.9529
8830,368,21,Offshore A,1.0864,-0.0004,-0.0002,-0.1088,0.0122,0.1098,1.5532
8831,368,22,Offshore A,1.0411,0.0031,0.0027,-0.0844,-0.0183,0.0867,1.4145
8831,368,22,Tensorburg,1.1075,-0.0023,-0.002,-0.104,0.0702,0.1255,1.6543
8831,368,22,GANopolis,1.0776,0.0001,0.0,-0.1357,-0.0147,0.1365,1.7281
8831,368,22,Bayes Bay,1.0966,0.0006,0.0006,-0.1088,-0.0324,0.1142,1.5796
8831,368,22,Gradient Grove,1.0703,0.0029,0.003,-0.0804,0.0138,0.0817,1.3868
8831,368,22,ReLU Ridge,1.0606,-0.0034,-0.0034,-0.0753,-0.0225,0.0801,1.3781
8831,368,22,Offshore B,1.082,-0.0015,-0.0014,-0.0941,0.0426,0.1034,1.5142
8831,368,22,Sparseville,1.0978,-0.0043,-0.0043,-0.1152,-0.0119,0.1159,1.5899
8832,368,23,Sparseville,1.0239,-0.0038,-0.0038,-0.1086,-0.0008,0.1088,1.5458
8832,368,23,Offshore A,1.0414,0.0036,0.0026,-0.0939,-0.0157,0.0952,1.464
8832,368,23,Offshore B,1.0467,-0.0027,-0.0022,-0.1078,0.0429,0.1161,1.5916
8832,368,23,Bayes Bay,1.0152,0.0044,0.0046,-0.1162,-0.0593,0.1305,1.6855
8832,368,23,ReLU Ridge,1.0258,0.0012,0.0011,-0.0755,-0.0456,0.0882,1.4241
8832,368,23,GANopolis,1.0249,0.0009,0.0017,-0.146,-0.0089,0.1463,1.7956
8832,368,23,Tensorburg,1.0268,0.0012,0.0019,-0.0822,0.0482,0.0953,1.4644
8832,368,23,Gradient Grove,1.0378,0.0002,0.0003,-0.0954,0.0296,0.0999,1.4926
8833,369,0,Offshore B,1.009,-0.0036,-0.0027,-0.1037,0.0217,0.106,1.5283
8833,369,0,Sparseville,1.0004,-0.003,-0.003,-0.0922,0.0217,0.0952,1.4633
8833,369,0,Gradient Grove,0.9913,-0.0015,-0.0013,-0.1179,0.0449,0.1261,1.6566
8833,369,0,GANopolis,1.0003,0.0019,0.0032,-0.1322,-0.0043,0.1323,1.6986
8833,369,0,Offshore A,0.9944,0.0002,-0.0012,-0.1121,-0.0057,0.1123,1.5675
8833,369,0,Tensorburg,1.0038,0.0037,0.0046,-0.0776,0.0382,0.0865,1.4138
8833,369,0,ReLU Ridge,0.9881,0.0031,0.0027,-0.093,-0.0659,0.114,1.5787
8833,369,0,Bayes Bay,0.9982,0.0043,0.0048,-0.1152,-0.0584,0.1292,1.6771
8834,369,1,ReLU Ridge,0.9706,0.001,0.0005,-0.1135,-0.0799,0.1391,1.745
8834,369,1,Offshore A,0.9781,-0.0031,-0.0049,-0.1463,0.0024,0.1463,1.7983
8834,369,1,Bayes Bay,0.9744,0.0013,0.0019,-0.1031,-0.0558,0.1172,1.5985
8834,369,1,Tensorburg,0.9742,0.0034,0.0046,-0.0612,0.0334,0.0697,1.3218
8834,369,1,GANopolis,0.9827,0.0024,0.004,-0.1055,-0.0025,0.1055,1.5253
8834,369,1,Sparseville,0.9722,-0.0008,-0.0008,-0.0873,0.0476,0.0997,1.4903
8834,369,1,Offshore B,0.9916,-0.0036,-0.0023,-0.1076,0.013,0.1084,1.5427
8834,369,1,Gradient Grove,0.9733,-0.0012,-0.0007,-0.1271,0.047,0.1355,1.7192
8835,369,2,Offshore A,0.9566,-0.0065,-0.0085,-0.1925,0.0107,0.1933,2.1678
8835,369,2,GANopolis,0.9699,0.0026,0.0041,-0.0947,-0.0021,0.0947,1.4609
8835,369,2,ReLU Ridge,0.9549,-0.001,-0.0013,-0.1431,-0.0464,0.1512,1.8306
8835,369,2,Gradient Grove,0.9629,-0.0007,0.0002,-0.1263,0.041,0.1328,1.701
8835,369,2,Sparseville,0.9502,0.0023,0.0022,-0.0873,0.07,0.1119,1.565
8835,369,2,Bayes Bay,0.9597,-0.0021,-0.0014,-0.0977,-0.0507,0.1101,1.5536
8835,369,2,Offshore B,0.9768,-0.0036,-0.0021,-0.0913,0.01,0.0918,1.4441
8835,369,2,Tensorburg,0.9553,0.0018,0.0031,-0.0544,0.0207,0.0583,1.2632
8836,369,3,ReLU Ridge,0.942,-0.0014,-0.0013,-0.1378,-0.0201,0.1393,1.7464
8836,369,3,Offshore B,0.9648,-0.0023,-0.0011,-0.0782,0.0107,0.0789,1.3716
8836,369,3,Sparseville,0.9386,0.0033,0.0033,-0.0929,0.0833,0.1248,1.6472
8836,369,3,GANopolis,0.9537,0.0034,0.0044,-0.0791,-0.0021,0.0792,1.3726
8836,369,3,Offshore A,0.9145,-0.0063,-0.0084,-0.1781,0.0194,0.1819,2.0755
8836,369,3,Tensorburg,0.9365,0.0019,0.0021,-0.035,-0.009,0.0376,1.1624
8836,369,3,Bayes Bay,0.9507,-0.0056,-0.005,-0.085,-0.0407,0.0943,1.4586
8836,369,3,Gradient Grove,0.9517,-0.0014,-0.0002,-0.1218,0.0326,0.1261,1.6558
8837,369,4,Gradient Grove,0.953,-0.0015,-0.0002,-0.1161,0.0208,0.118,1.603
8837,369,4,Offshore B,0.9477,-0.0008,0.0,-0.052,0.0172,0.0552,1.2475
8837,369,4,Offshore A,0.8966,-0.0042,-0.0063,-0.1247,-0.1341,0.1848,2.1025
8837,369,4,GANopolis,0.9468,0.002,0.0025,-0.0792,-0.0013,0.0792,1.3729
8837,369,4,Tensorburg,0.9304,0.0037,0.0029,-0.0485,-0.0383,0.0618,1.2812
8837,369,4,Bayes Bay,0.9391,-0.0056,-0.0052,-0.077,-0.0221,0.0804,1.3797
8837,369,4,ReLU Ridge,0.9446,-0.0018,-0.0013,-0.1134,-0.0129,0.1142,1.5805
8837,369,4,Sparseville,0.9237,-0.0003,-0.0003,-0.0965,0.0873,0.1301,1.683
8838,369,5,Offshore A,0.9162,-0.0026,-0.0045,-0.1724,-0.1683,0.2415,2.6287
8838,369,5,Sparseville,0.9225,-0.0021,-0.0021,-0.0945,0.0809,0.1244,1.6448
8838,369,5,ReLU Ridge,0.9327,-0.003,-0.0024,-0.0535,-0.0144,0.0573,1.2612
8838,369,5,Tensorburg,0.9235,0.001,-0.0001,-0.0599,-0.0477,0.0766,1.3585
8838,369,5,GANopolis,0.937,-0.0011,-0.0008,-0.0923,0.005,0.0925,1.448
8838,369,5,Offshore B,0.931,-0.0013,-0.001,-0.0258,0.0306,0.0407,1.177
8838,369,5,Gradient Grove,0.9465,0.0006,0.0018,-0.1113,0.0075,0.1117,1.5631
8838,369,5,Bayes Bay,0.9327,-0.002,-0.0017,-0.0748,0.0111,0.0765,1.3579
8839,369,6,Tensorburg,0.918,-0.003,-0.0041,-0.0648,-0.0408,0.0768,1.3594
8839,369,6,Bayes Bay,0.9219,-0.0001,0.0004,-0.0685,0.0433,0.0814,1.3847
8839,369,6,Sparseville,0.917,0.0006,0.0005,-0.0861,0.0701,0.111,1.5594
8839,369,6,Gradient Grove,0.9454,0.0027,0.0036,-0.1077,-0.0038,0.1078,1.5388
8839,369,6,ReLU Ridge,0.9108,-0.0028,-0.0024,0.0116,-0.0504,0.053,1.2382
8839,369,6,Offshore A,0.9306,-0.0029,-0.0044,-0.1846,-0.0975,0.2099,2.3248
8839,369,6,GANopolis,0.9347,-0.0024,-0.0022,-0.1169,0.0138,0.1177,1.6021
8839,369,6,Offshore B,0.9172,-0.0027,-0.0029,-0.0126,0.0367,0.0388,1.168
8840,369,7,Offshore A,0.9262,-0.0037,-0.0049,-0.1544,-0.0256,0.1569,1.8743
8840,369,7,Tensorburg,0.9188,-0.0065,-0.0075,-0.0711,-0.0179,0.0736,1.3425
8840,369,7,Bayes Bay,0.9121,-0.0014,-0.0012,-0.0621,0.0582,0.0851,1.4056
8840,369,7,Sparseville,0.9174,0.0036,0.0034,-0.0819,0.0588,0.1009,1.4972
8840,369,7,ReLU Ridge,0.886,-0.001,-0.001,0.0182,-0.0911,0.0938,1.4558
8840,369,7,Offshore B,0.9178,-0.0019,-0.0023,-0.0165,0.0258,0.0312,1.1331
8840,369,7,Gradient Grove,0.9371,0.0017,0.0025,-0.1094,-0.0109,0.1099,1.5524
8840,369,7,GANopolis,0.9223,-0.0001,0.0003,-0.1311,0.0159,0.132,1.6958
8841,369,8,Gradient Grove,0.9253,-0.0003,0.0003,-0.1143,-0.0178,0.1157,1.5884
8841,369,8,Tensorburg,0.9128,-0.0063,-0.0069,-0.0717,-0.0235,0.0762,1.3565
8841,369,8,ReLU Ridge,0.8875,0.0001,-0.0001,-0.0398,-0.1166,0.1244,1.6466
8841,369,8,Offshore B,0.917,-0.0007,-0.0012,-0.026,0.0024,0.0275,1.1164
8841,369,8,GANopolis,0.915,0.0022,0.0026,-0.1279,0.0151,0.1288,1.6741
8841,369,8,Sparseville,0.9138,0.0036,0.0033,-0.0835,0.0418,0.0937,1.4548
8841,369,8,Bayes Bay,0.9002,-0.0002,-0.0002,-0.0544,0.0582,0.0797,1.3754
8841,369,8,Offshore A,0.9123,-0.0033,-0.0039,-0.1521,0.0091,0.1527,1.8416
8842,369,9,Bayes Bay,0.8994,-0.0005,-0.0006,-0.0648,0.0409,0.0779,1.3657
8842,369,9,ReLU Ridge,0.8988,0.001,0.0008,-0.0972,-0.101,0.1418,1.7636
8842,369,9,Gradient Grove,0.8903,-0.0003,-0.0,-0.1113,-0.0132,0.1121,1.5662
8842,369,9,GANopolis,0.8914,0.0017,0.0019,-0.1102,0.0085,0.1105,1.5564
8842,369,9,Tensorburg,0.9114,-0.0028,-0.0032,-0.058,-0.0452,0.0742,1.346
8842,369,9,Offshore A,0.9005,-0.0014,-0.0016,-0.1484,0.0177,0.1495,1.8194
8842,369,9,Offshore B,0.9134,-0.0028,-0.003,-0.0443,-0.0242,0.0507,1.2263
8842,369,9,Sparseville,0.9041,0.001,0.0008,-0.0882,0.0069,0.0891,1.4282
8843,369,10,Offshore B,0.9044,-0.005,-0.0049,-0.0803,-0.0045,0.0811,1.3836
8843,369,10,Offshore A,0.9074,0.0005,0.0005,-0.1024,0.0019,0.1025,1.511
8843,369,10,Sparseville,0.9053,-0.002,-0.002,-0.0967,-0.001,0.0969,1.4744
8843,369,10,Bayes Bay,0.9344,-0.0044,-0.0043,-0.1149,-0.0158,0.1167,1.5997
8843,369,10,ReLU Ridge,0.9277,0.0008,0.0008,-0.0981,-0.0248,0.1026,1.5102
8843,369,10,GANopolis,0.9098,-0.0002,-0.0002,-0.0938,0.0057,0.094,1.4567
8843,369,10,Tensorburg,0.9493,0.0006,0.0007,-0.0788,0.034,0.0882,1.4273
8843,369,10,Gradient Grove,0.8902,-0.0001,-0.0002,-0.0993,-0.0012,0.0993,1.4882
8844,369,11,Sparseville,0.9526,-0.0023,-0.0024,-0.1325,0.023,0.1347,1.7148
8844,369,11,Gradient Grove,0.9447,-0.0,-0.0005,-0.089,-0.0003,0.089,1.4275
8844,369,11,ReLU Ridge,0.9637,0.0003,0.0007,-0.0639,0.0225,0.0682,1.3138
8844,369,11,GANopolis,0.9507,0.0006,0.0002,-0.073,0.024,0.0777,1.3644
8844,369,11,Bayes Bay,0.9678,-0.0056,-0.0051,-0.1446,-0.0518,0.1536,1.8494
8844,369,11,Offshore A,0.9488,0.0012,0.0012,-0.0576,-0.0047,0.0578,1.2604
8844,369,11,Tensorburg,0.9762,0.002,0.0026,-0.1074,0.0789,0.1333,1.7049
8844,369,11,Offshore B,0.9633,-0.0042,-0.0038,-0.0926,0.0289,0.0971,1.4747
8845,369,12,Gradient Grove,0.9955,-0.0003,-0.0009,-0.1138,-0.0057,0.1139,1.5782
8845,369,12,Bayes Bay,0.9978,-0.0033,-0.0023,-0.1156,-0.0486,0.1254,1.6522
8845,369,12,Offshore B,1.0158,-0.0024,-0.0017,-0.0898,0.0361,0.0968,1.4729
8845,369,12,Tensorburg,0.9932,-0.0009,0.0,-0.1003,0.0683,0.1213,1.6248
8845,369,12,Offshore A,0.9951,0.0021,0.0021,-0.0693,0.0003,0.0693,1.3197
8845,369,12,Sparseville,0.9888,-0.0031,-0.0034,-0.1351,0.0532,0.1454,1.7889
8845,369,12,GANopolis,0.9854,0.003,0.0025,-0.048,0.0445,0.066,1.3026
8845,369,12,ReLU Ridge,0.9953,-0.0014,-0.0008,-0.0742,0.0317,0.0807,1.3813
8846,369,13,Gradient Grove,1.0147,-0.0014,-0.002,-0.1222,-0.0219,0.1244,1.6449
8846,369,13,Tensorburg,1.0366,-0.0042,-0.003,-0.0977,0.0654,0.1175,1.6003
8846,369,13,Sparseville,1.0157,-0.0019,-0.0021,-0.1538,0.0591,0.1648,1.9342
8846,369,13,ReLU Ridge,1.0209,-0.0044,-0.0039,-0.066,0.0347,0.0746,1.3479
8846,369,13,Bayes Bay,1.0432,-0.0029,-0.0015,-0.1017,-0.044,0.1108,1.5579
8846,369,13,Offshore B,1.0203,-0.0025,-0.0016,-0.0897,0.0417,0.0989,1.4853
8846,369,13,Offshore A,1.0098,0.0034,0.0031,-0.0621,0.0058,0.0624,1.2835
8846,369,13,GANopolis,1.0233,0.004,0.0034,-0.0075,0.0239,0.0259,1.1102
8847,369,14,Gradient Grove,1.0356,-0.0012,-0.0015,-0.1407,-0.0432,0.1472,1.8036
8847,369,14,Offshore A,1.0409,0.0045,0.0038,-0.0667,0.0041,0.0668,1.3067
8847,369,14,GANopolis,1.0329,0.0027,0.0019,-0.0028,-0.0086,0.0115,1.0474
8847,369,14,Offshore B,1.0522,-0.0042,-0.0031,-0.087,0.0422,0.0967,1.4724
8847,369,14,Tensorburg,1.0371,-0.0068,-0.0055,-0.1037,0.0645,0.1221,1.6298
8847,369,14,Sparseville,1.0292,0.0015,0.0017,-0.1478,0.0468,0.1551,1.8609
8847,369,14,ReLU Ridge,1.0384,-0.0055,-0.0051,-0.0706,0.0331,0.078,1.3665
8847,369,14,Bayes Bay,1.0457,-0.0056,-0.0042,-0.0887,-0.0448,0.0994,1.4883
8848,369,15,Bayes Bay,1.0705,-0.0068,-0.0055,-0.0788,-0.0449,0.0908,1.4377
8848,369,15,Tensorburg,1.0655,-0.0049,-0.0034,-0.1102,0.0525,0.1221,1.6299
8848,369,15,Sparseville,1.0568,0.0017,0.0023,-0.1161,0.0417,0.1234,1.6389
8848,369,15,Gradient Grove,1.0369,0.001,0.0011,-0.1592,-0.0455,0.1655,1.939
8848,369,15,Offshore A,1.0458,0.005,0.0039,-0.0838,0.0023,0.0839,1.3989
8848,369,15,GANopolis,1.0533,0.0021,0.0011,-0.0224,-0.0311,0.0385,1.167
8848,369,15,ReLU Ridge,1.0491,-0.0058,-0.0055,-0.0786,0.0196,0.0811,1.3835
8848,369,15,Offshore B,1.0542,-0.005,-0.0038,-0.0817,0.0397,0.0909,1.4385
8849,369,16,GANopolis,1.0578,0.0023,0.0009,-0.0493,-0.0532,0.0726,1.3377
8849,369,16,Gradient Grove,1.0619,0.0034,0.0041,-0.1499,-0.0314,0.1533,1.8463
8849,369,16,Tensorburg,1.0747,-0.0013,0.0002,-0.1086,0.0365,0.1147,1.582
8849,369,16,Bayes Bay,1.0738,-0.0037,-0.0027,-0.0727,-0.047,0.0865,1.4136
8849,369,16,Sparseville,1.0621,-0.0006,-0.0,-0.0878,0.045,0.0988,1.4858
8849,369,16,Offshore A,1.0641,0.0033,0.0018,-0.1138,-0.0018,0.1139,1.579
8849,369,16,Offshore B,1.0683,-0.0028,-0.0019,-0.0786,0.033,0.0853,1.4065
8849,369,16,ReLU Ridge,1.0625,-0.0064,-0.0062,-0.0798,0.0019,0.08,1.3771
8850,369,17,Offshore B,1.0718,-0.0,0.0004,-0.0665,0.0232,0.0705,1.3259
8850,369,17,Offshore A,1.0674,0.0006,-0.0011,-0.1438,-0.0354,0.1484,1.8119
8850,369,17,ReLU Ridge,1.0684,-0.0058,-0.0056,-0.087,-0.0068,0.0872,1.4176
8850,369,17,GANopolis,1.0522,0.0023,0.0009,-0.0586,-0.0184,0.0704,1.3264
8850,369,17,Gradient Grove,1.0747,0.0031,0.0044,-0.1402,-0.0164,0.1412,1.759
8850,369,17,Bayes Bay,1.0847,0.0011,0.0019,-0.0705,-0.0454,0.0839,1.3989
8850,369,17,Sparseville,1.0685,-0.0008,-0.0005,-0.0571,0.054,0.0789,1.3714
8850,369,17,Tensorburg,1.0889,0.0006,0.0022,-0.1049,0.0215,0.1072,1.5354
8851,369,18,Bayes Bay,1.0913,0.0016,0.0023,-0.066,-0.0435,0.079,1.3719
8851,369,18,Gradient Grove,1.0869,-0.0007,0.0008,-0.1269,-0.0049,0.127,1.6625
8851,369,18,GANopolis,1.0555,0.0021,0.0008,-0.1467,0.0692,0.1644,1.9417
8851,369,18,Offshore A,1.0696,-0.0017,-0.0035,-0.1577,-0.0369,0.1626,1.9162
8851,369,18,Tensorburg,1.1009,-0.0004,0.0011,-0.0928,0.0085,0.0932,1.4523
8851,369,18,Sparseville,1.0766,-0.0001,-0.0002,-0.0507,0.0751,0.0907,1.4378
8851,369,18,Offshore B,1.0811,0.0,-0.0017,-0.0875,0.0057,0.0883,1.4247
8851,369,18,ReLU Ridge,1.0736,-0.0044,-0.0043,-0.0927,-0.0118,0.0935,1.4535
8852,369,19,Tensorburg,1.0963,-0.0016,-0.0003,-0.0798,0.001,0.0798,1.3764
8852,369,19,Gradient Grove,1.1025,-0.0035,-0.0021,-0.1141,0.0036,0.1142,1.5792
8852,369,19,Sparseville,1.0853,-0.0016,-0.002,-0.0713,0.0947,0.1186,1.6081
8852,369,19,GANopolis,1.0918,0.0007,-0.0003,-0.1537,-0.0254,0.1572,1.8779
8852,369,19,Offshore B,1.0913,-0.0031,-0.0047,-0.1149,-0.0358,0.1208,1.6222
8852,369,19,Bayes Bay,1.0786,0.0008,0.0012,-0.0572,-0.0529,0.0782,1.3673
8852,369,19,ReLU Ridge,1.0826,-0.0028,-0.0027,-0.1053,-0.0233,0.1079,1.5402
8852,369,19,Offshore A,1.076,-0.0022,-0.0037,-0.1405,0.049,0.1523,1.8393
8853,369,20,Offshore A,1.0871,0.0004,-0.0008,-0.1204,0.1033,0.1588,1.8882
8853,369,20,Sparseville,1.0933,-0.0042,-0.0045,-0.096,0.0975,0.137,1.7299
8853,369,20,Bayes Bay,1.0873,0.0009,0.001,-0.0399,-0.0537,0.0669,1.3071
8853,369,20,Offshore B,1.0966,-0.0041,-0.0051,-0.1404,-0.0493,0.1489,1.8147
8853,369,20,Tensorburg,1.1036,-0.0013,-0.0005,-0.073,-0.0035,0.0731,1.3397
8853,369,20,ReLU Ridge,1.0867,0.0002,0.0001,-0.1135,-0.0416,0.1209,1.6222
8853,369,20,GANopolis,1.0885,-0.002,-0.0025,-0.1353,-0.0357,0.14,1.7514
8853,369,20,Gradient Grove,1.1063,-0.0047,-0.0035,-0.1061,0.012,0.1068,1.5332
8854,369,21,Tensorburg,1.1085,-0.0008,-0.0004,-0.0674,-0.0074,0.0678,1.3117
8854,369,21,Gradient Grove,1.1095,-0.0038,-0.0031,-0.0984,0.0178,0.1,1.492
8854,369,21,ReLU Ridge,1.1004,0.0032,0.0031,-0.122,-0.0446,0.1299,1.6816
8854,369,21,Bayes Bay,1.1033,0.0005,0.0004,-0.0521,-0.0466,0.0704,1.3254
8854,369,21,GANopolis,1.1039,-0.0015,-0.0017,-0.1433,-0.0292,0.1463,1.7957
8854,369,21,Offshore B,1.104,-0.0026,-0.0031,-0.1583,-0.0247,0.1605,1.9002
8854,369,21,Offshore A,1.0954,0.0026,0.002,-0.1167,0.0108,0.1232,1.6374
8854,369,21,Sparseville,1.1081,-0.0041,-0.0042,-0.1155,0.074,0.1376,1.7343
8855,369,22,Offshore A,1.1302,0.0043,0.0041,-0.1141,-0.0351,0.1196,1.6144
8855,369,22,Tensorburg,1.1065,-0.0002,-0.0002,-0.0894,-0.0086,0.0898,1.4336
8855,369,22,Gradient Grove,1.1089,-0.0035,-0.0034,-0.1046,0.0087,0.1052,1.5233
8855,369,22,GANopolis,1.1169,0.0012,0.0012,-0.111,-0.0142,0.1121,1.567
8855,369,22,ReLU Ridge,1.1266,0.0029,0.0028,-0.1253,0.0004,0.1267,1.6597
8855,369,22,Sparseville,1.0991,-0.0016,-0.0016,-0.1076,0.0263,0.1121,1.5667
8855,369,22,Offshore B,1.1185,-0.0002,-0.0003,-0.1268,0.0032,0.127,1.6654
8855,369,22,Bayes Bay,1.1135,-0.0007,-0.0008,-0.0744,-0.0179,0.0779,1.3659
8856,369,23,ReLU Ridge,1.0955,-0.0005,-0.0004,-0.106,0.0606,0.1234,1.6383
8856,369,23,Bayes Bay,1.0893,-0.0004,-0.0002,-0.1031,0.0167,0.1047,1.5208
8856,369,23,Tensorburg,1.0838,0.0001,0.0,-0.1341,-0.0082,0.1344,1.7136
8856,369,23,Sparseville,1.0616,0.001,0.0009,-0.1151,-0.0268,0.1191,1.6111
8856,369,23,Offshore B,1.0661,0.0016,0.0016,-0.0761,0.0302,0.0829,1.3932
8856,369,23,GANopolis,1.0876,0.0037,0.0035,-0.0795,0.0061,0.08,1.3785
8856,369,23,Offshore A,1.0909,0.0044,0.0047,-0.0625,-0.0043,0.0628,1.2899
8856,369,23,Gradient Grove,1.076,-0.0048,-0.0052,-0.1202,-0.0119,0.121,1.6227
8857,370,0,Offshore B,1.0298,0.0022,0.0022,-0.0807,0.0542,0.0973,1.477
8857,370,0,Offshore A,1.0108,0.0038,0.004,-0.0224,-0.0011,0.0227,1.0952
8857,370,0,Sparseville,1.0322,0.0027,0.0023,-0.1261,-0.0606,0.1399,1.7507
8857,370,0,GANopolis,1.0174,0.0016,0.001,-0.0613,0.0143,0.063,1.2864
8857,370,0,Bayes Bay,1.0319,0.002,0.0023,-0.0874,0.0307,0.0927,1.4501
8857,370,0,ReLU Ridge,1.0119,-0.0002,-0.0001,-0.0871,0.079,0.1176,1.6006
8857,370,0,Gradient Grove,1.0193,-0.005,-0.0056,-0.1425,-0.0231,0.1444,1.7831
8857,370,0,Tensorburg,1.0184,0.0004,0.0004,-0.1475,-0.0051,0.1476,1.805
8858,370,1,GANopolis,1.0043,-0.0021,-0.0033,-0.0707,0.0082,0.0712,1.3295
8858,370,1,Bayes Bay,0.9967,0.0031,0.0034,-0.0596,0.0202,0.0631,1.2871
8858,370,1,Gradient Grove,0.9878,-0.0024,-0.0028,-0.17,-0.0154,0.1708,1.9802
8858,370,1,Tensorburg,0.9973,0.0007,0.0011,-0.1353,-0.0002,0.1353,1.7181
8858,370,1,ReLU Ridge,0.9907,0.0033,0.0034,-0.0855,0.069,0.1099,1.5522
8858,370,1,Sparseville,0.9902,0.0013,0.0005,-0.1385,-0.078,0.1593,1.8915
8858,370,1,Offshore A,0.9868,0.0034,0.0028,-0.0294,-0.0127,0.0322,1.1377
8858,370,1,Offshore B,0.9821,0.0022,0.0021,-0.1027,0.0752,0.1272,1.6643
8859,370,2,Bayes Bay,0.973,0.0008,0.0007,-0.0551,0.0069,0.0557,1.2498
8859,370,2,Sparseville,0.9691,-0.0008,-0.0017,-0.1348,-0.0891,0.1618,1.91
8859,370,2,GANopolis,0.9787,-0.0041,-0.0059,-0.0763,0.012,0.0773,1.3623
8859,370,2,Offshore A,0.9662,0.0012,0.0001,-0.0281,-0.0251,0.0377,1.1629
8859,370,2,Gradient Grove,0.9702,0.0024,0.004,-0.1568,-0.0041,0.1568,1.8737
8859,370,2,Tensorburg,0.9766,0.0013,0.0021,-0.1289,0.0094,0.1293,1.6776
8859,370,2,Offshore B,0.9603,0.0013,0.0012,-0.1243,0.0833,0.1497,1.8207
8859,370,2,ReLU Ridge,0.9657,0.006,0.0058,-0.0746,0.0586,0.0949,1.4618
8860,370,3,Tensorburg,0.9627,0.0031,0.0043,-0.12,0.019,0.1215,1.6259
8860,370,3,Gradient Grove,0.9643,0.0009,0.003,-0.1343,0.0032,0.1343,1.7122
8860,370,3,Offshore A,0.956,-0.0027,-0.0043,-0.0423,-0.0289,0.0514,1.2283
8860,370,3,GANopolis,0.9647,-0.0029,-0.005,-0.0806,0.0232,0.0839,1.3986
8860,370,3,Sparseville,0.9492,-0.0032,-0.0039,-0.1408,-0.0699,0.1573,1.8762
8860,370,3,Bayes Bay,0.9572,-0.002,-0.0025,-0.0606,-0.0098,0.0616,1.2799
8860,370,3,ReLU Ridge,0.9551,0.005,0.0043,-0.0937,0.0353,0.1009,1.4975
8860,370,3,Offshore B,0.946,0.0009,0.0012,-0.1389,0.0789,0.1598,1.8949
8861,370,4,Tensorburg,0.9573,0.004,0.0056,-0.1181,0.026,0.121,1.6222
8861,370,4,Gradient Grove,0.9561,-0.0004,0.0017,-0.1066,0.0095,0.107,1.5351
8861,370,4,Offshore A,0.9444,-0.0057,-0.0076,-0.0611,-0.0191,0.0643,1.2936
8861,370,4,ReLU Ridge,0.9453,-0.0014,-0.0017,-0.1098,-0.0042,0.1104,1.5552
8861,370,4,Bayes Bay,0.9523,-0.0009,-0.0018,-0.0869,-0.0302,0.0921,1.4461
8861,370,4,Offshore B,0.9371,0.0005,0.0012,-0.1368,0.0687,0.1531,1.845
8861,370,4,Sparseville,0.9336,-0.0042,-0.0046,-0.1552,-0.0643,0.168,1.9583
8861,370,4,GANopolis,0.9559,-0.0016,-0.0039,-0.0926,0.006,0.0934,1.4531
8862,370,5,GANopolis,0.943,-0.0026,-0.0048,-0.1171,-0.0198,0.1188,1.6094
8862,370,5,Tensorburg,0.9454,0.0019,0.0036,-0.1131,0.0313,0.1174,1.5991
8862,370,5,ReLU Ridge,0.9357,-0.0043,-0.0038,-0.1072,-0.0307,0.1117,1.5632
8862,370,5,Bayes Bay,0.9379,-0.0002,-0.0011,-0.1065,-0.05,0.1176,1.6014
8862,370,5,Sparseville,0.9261,-0.0041,-0.0042,-0.1479,-0.064,0.1612,1.9058
8862,370,5,Offshore A,0.941,-0.0063,-0.0085,-0.087,-0.0419,0.0981,1.4827
8862,370,5,Offshore B,0.9418,-0.0013,-0.0004,-0.1311,0.0568,0.1429,1.7713
8862,370,5,Gradient Grove,0.9491,0.0,0.0017,-0.0909,0.0162,0.0923,1.4468
8863,370,6,GANopolis,0.9365,-0.0041,-0.0059,-0.1372,-0.0145,0.138,1.7371
8863,370,6,Tensorburg,0.9447,-0.0014,0.0001,-0.1069,0.0351,0.1125,1.5685
8863,370,6,Sparseville,0.9276,-0.0043,-0.0043,-0.1365,-0.0536,0.1467,1.7986
8863,370,6,Bayes Bay,0.931,-0.0019,-0.0026,-0.128,-0.0612,0.1419,1.7643
8863,370,6,Gradient Grove,0.9388,0.0029,0.004,-0.0783,0.0228,0.0816,1.3863
8863,370,6,Offshore A,0.9179,-0.0033,-0.0055,-0.0674,-0.1209,0.1408,1.7575
8863,370,6,Offshore B,0.9386,-0.0018,-0.0009,-0.126,0.0454,0.134,1.709
8863,370,6,ReLU Ridge,0.9271,-0.0041,-0.0035,-0.0918,-0.0439,0.1019,1.5036
8864,370,7,Tensorburg,0.937,-0.0026,-0.0013,-0.0986,0.0382,0.1057,1.5266
8864,370,7,Offshore B,0.9399,-0.001,-0.0001,-0.1205,0.0364,0.1259,1.6546
8864,370,7,GANopolis,0.9239,-0.0022,-0.0033,-0.1593,-0.0074,0.1595,1.8934
8864,370,7,ReLU Ridge,0.9173,-0.0041,-0.0037,-0.0727,-0.0501,0.0884,1.4244
8864,370,7,Gradient Grove,0.9323,0.0041,0.0046,-0.0743,0.0308,0.0805,1.38
8864,370,7,Sparseville,0.9265,-0.0045,-0.0045,-0.1241,-0.0343,0.1288,1.6749
8864,370,7,Offshore A,0.8965,-0.0002,-0.0021,0.028,-0.1039,0.1141,1.586
8864,370,7,Bayes Bay,0.9178,-0.0012,-0.0014,-0.1428,-0.0685,0.1584,1.8845
8865,370,8,Offshore B,0.9334,-0.0012,-0.0004,-0.1207,0.0295,0.1243,1.6442
8865,370,8,Gradient Grove,0.919,0.0018,0.002,-0.0843,0.0382,0.0926,1.4485
8865,370,8,Tensorburg,0.9338,0.0006,0.0016,-0.0896,0.04,0.0982,1.481
8865,370,8,Offshore A,0.9446,0.0023,0.0008,-0.0057,0.034,0.0644,1.305
8865,370,8,GANopolis,0.9151,0.0014,0.0018,-0.1733,-0.0066,0.1734,2.0018
8865,370,8,Bayes Bay,0.9176,0.0028,0.0029,-0.1387,-0.0671,0.1541,1.8523
8865,370,8,ReLU Ridge,0.9106,-0.0012,-0.0012,-0.059,-0.0518,0.0785,1.369
8865,370,8,Sparseville,0.9267,-0.004,-0.004,-0.1084,-0.0064,0.1089,1.5461
8866,370,9,Bayes Bay,0.9141,0.0055,0.0058,-0.1223,-0.0616,0.1369,1.7297
8866,370,9,Sparseville,0.9176,-0.0035,-0.0035,-0.0999,0.0226,0.1027,1.5079
8866,370,9,Offshore A,0.8922,0.0003,-0.0007,-0.1582,0.2425,0.2903,3.3673
8866,370,9,GANopolis,0.9184,0.0029,0.0038,-0.1376,-0.0071,0.1377,1.7366
8866,370,9,ReLU Ridge,0.9073,0.0026,0.0024,-0.0699,-0.0662,0.0963,1.4712
8866,370,9,Gradient Grove,0.9103,-0.0007,-0.0006,-0.1036,0.0428,0.1122,1.5665
8866,370,9,Offshore B,0.9241,-0.0023,-0.0018,-0.1219,0.0187,0.1234,1.6381
8866,370,9,Tensorburg,0.923,0.0038,0.0045,-0.0787,0.0401,0.0884,1.4241
8867,370,10,ReLU Ridge,0.899,0.0018,0.0017,-0.0878,-0.0708,0.1133,1.5739
8867,370,10,Tensorburg,0.8981,0.005,0.0053,-0.0754,0.0287,0.0813,1.3842
8867,370,10,Bayes Bay,0.9002,0.0034,0.0035,-0.1054,-0.0393,0.1131,1.5732
8867,370,10,Offshore B,0.89,-0.0025,-0.0022,-0.1142,0.0092,0.1146,1.5818
8867,370,10,Sparseville,0.9007,-0.0022,-0.0022,-0.1012,0.0308,0.106,1.5281
8867,370,10,Offshore A,0.7693,-0.0029,-0.0034,-0.3055,0.3135,0.4412,5.8569
8867,370,10,GANopolis,0.8995,0.0037,0.0041,-0.1004,-0.0082,0.1008,1.4979
8867,370,10,Gradient Grove,0.893,-0.0012,-0.0012,-0.1095,0.029,0.1135,1.5748
8868,370,11,Offshore B,0.8916,-0.0027,-0.0028,-0.0978,-0.0033,0.098,1.4805
8868,370,11,GANopolis,0.8998,0.0035,0.0035,-0.0997,0.0009,0.0997,1.4918
8868,370,11,Tensorburg,0.8903,0.0035,0.0034,-0.1103,-0.0049,0.1106,1.5611
8868,370,11,ReLU Ridge,0.9318,-0.0004,-0.0004,-0.085,0.0068,0.089,1.4278
8868,370,11,Gradient Grove,0.9156,-0.0004,-0.0004,-0.0958,-0.0048,0.0963,1.4701
8868,370,11,Sparseville,0.8882,0.0006,0.0006,-0.106,-0.0041,0.1068,1.533
8868,370,11,Bayes Bay,0.8865,0.0003,0.0003,-0.1018,0.0144,0.1037,1.5148
8868,370,11,Offshore A,0.8472,-0.0063,-0.0062,-0.3033,0.0965,0.3222,3.7355
8869,370,12,Tensorburg,0.9387,0.002,0.0017,-0.1697,-0.0209,0.171,1.9834
8869,370,12,Sparseville,0.9443,0.0034,0.0034,-0.1131,-0.0483,0.1231,1.6368
8869,370,12,Bayes Bay,0.943,-0.0038,-0.004,-0.1188,0.0521,0.1297,1.6805
8869,370,12,Offshore B,0.9445,-0.0024,-0.0028,-0.0845,-0.014,0.0857,1.409
8869,370,12,ReLU Ridge,0.963,-0.0014,-0.0014,-0.0753,0.0847,0.1137,1.5768
8869,370,12,Gradient Grove,0.9511,-0.0003,-0.0007,-0.0746,-0.0269,0.0795,1.3745
8869,370,12,Offshore A,0.9743,-0.008,-0.0074,-0.1554,0.0205,0.1567,1.8835
8869,370,12,GANopolis,0.9497,0.0037,0.0034,-0.1334,0.006,0.1335,1.7063
8870,370,13,Offshore A,1.0007,-0.006,-0.0049,-0.1109,0.0145,0.1119,1.5646
8870,370,13,ReLU Ridge,0.978,-0.0013,-0.0015,-0.0744,0.1027,0.1268,1.6607
8870,370,13,Tensorburg,0.9912,0.0029,0.0032,-0.1487,0.0045,0.1492,1.818
8870,370,13,Gradient Grove,0.9856,-0.0013,-0.002,-0.0658,-0.0285,0.0717,1.3324
8870,370,13,Offshore B,0.9943,-0.0011,-0.0017,-0.1084,-0.0124,0.1091,1.5479
8870,370,13,Sparseville,0.9964,0.0018,0.0018,-0.1091,-0.0667,0.128,1.6687
8870,370,13,GANopolis,0.987,0.0034,0.003,-0.118,0.0062,0.1182,1.6048
8870,370,13,Bayes Bay,0.9949,-0.0059,-0.0061,-0.114,0.0499,0.1245,1.6458
8871,370,14,Tensorburg,1.0175,0.0027,0.0034,-0.1365,0.0303,0.1399,1.7503
8871,370,14,Gradient Grove,1.0299,-0.0004,-0.0013,-0.0295,-0.0287,0.0438,1.1928
8871,370,14,GANopolis,1.024,0.0005,0.0003,-0.1118,0.0048,0.1119,1.5648
8871,370,14,Offshore A,1.0444,-0.0037,-0.0022,-0.096,0.0071,0.0963,1.4705
8871,370,14,ReLU Ridge,1.0215,-0.0023,-0.0027,-0.0884,0.1044,0.1369,1.7296
8871,370,14,Bayes Bay,1.0107,-0.0049,-0.005,-0.1248,0.0242,0.1276,1.666
8871,370,14,Sparseville,0.9995,-0.0019,-0.0019,-0.1084,-0.0811,0.1354,1.7186
8871,370,14,Offshore B,1.0158,-0.0006,-0.001,-0.1176,-0.0125,0.1183,1.6053
8872,370,15,Offshore B,1.037,-0.0022,-0.0022,-0.1367,-0.0238,0.1388,1.7434
8872,370,15,ReLU Ridge,1.0205,-0.0032,-0.0038,-0.1184,0.109,0.1612,1.9063
8872,370,15,Bayes Bay,1.0347,0.0004,-0.0001,-0.1216,-0.0205,0.1243,1.6444
8872,370,15,Sparseville,1.0338,-0.001,-0.001,-0.1128,-0.0814,0.1391,1.7443
8872,370,15,Offshore A,1.0488,-0.0025,-0.0007,-0.0887,-0.0036,0.0889,1.4269
8872,370,15,Tensorburg,1.0376,-0.0011,0.0001,-0.1311,0.043,0.138,1.7366
8872,370,15,GANopolis,1.0282,-0.0022,-0.0024,-0.1064,-0.0051,0.1067,1.5324
8872,370,15,Gradient Grove,1.0225,0.0019,0.0009,0.0199,-0.0488,0.0528,1.2371
8873,370,16,GANopolis,1.0499,-0.0017,-0.0021,-0.0947,-0.0292,0.0994,1.4881
8873,370,16,Gradient Grove,1.0294,0.0024,0.0013,0.0204,-0.102,0.1044,1.5218
8873,370,16,Tensorburg,1.0583,-0.0046,-0.0032,-0.1306,0.0451,0.1381,1.7376
8873,370,16,ReLU Ridge,1.0454,-0.002,-0.0022,-0.1489,0.092,0.1752,2.0156
8873,370,16,Offshore A,1.068,-0.0031,-0.0013,-0.0831,-0.0138,0.0843,1.4014
8873,370,16,Sparseville,1.0402,0.0023,0.0025,-0.1175,-0.0694,0.1366,1.7273
8873,370,16,Bayes Bay,1.0411,-0.0011,-0.0015,-0.1307,-0.0618,0.1446,1.7851
8873,370,16,Offshore B,1.0423,-0.0025,-0.0021,-0.1482,-0.0277,0.1508,1.8278
8874,370,17,Gradient Grove,1.018,0.0001,-0.0012,-0.0018,-0.1602,0.1605,1.9048
8874,370,17,Sparseville,1.0613,0.0041,0.0046,-0.1118,-0.047,0.1214,1.6259
8874,370,17,ReLU Ridge,1.0541,-0.0003,-0.0001,-0.1517,0.0667,0.1658,1.9415
8874,370,17,Bayes Bay,1.0446,-0.0011,-0.0012,-0.1534,-0.0769,0.1717,1.9872
8874,370,17,Offshore B,1.0653,-0.0006,0.0003,-0.138,-0.0185,0.1393,1.7456
8874,370,17,Offshore A,1.0729,-0.0032,-0.0016,-0.0728,-0.0229,0.0764,1.3572
8874,370,17,Tensorburg,1.0698,-0.0065,-0.005,-0.132,0.0401,0.138,1.7366
8874,370,17,GANopolis,1.0458,0.0011,0.0003,-0.0711,-0.022,0.0753,1.3538
8875,370,18,Sparseville,1.0714,0.0033,0.0042,-0.0887,-0.0262,0.0926,1.4487
8875,370,18,Tensorburg,1.0852,-0.0038,-0.0022,-0.1185,0.0353,0.1236,1.6398
8875,370,18,Offshore A,1.0797,-0.0019,-0.0008,-0.0705,-0.0295,0.0765,1.358
8875,370,18,GANopolis,1.0537,0.0017,0.0005,-0.0307,0.0498,0.0634,1.2913
8875,370,18,ReLU Ridge,1.0748,0.001,0.0017,-0.1381,0.0489,0.1465,1.7975
8875,370,18,Gradient Grove,1.0143,-0.0011,-0.0026,-0.0403,-0.2235,0.2274,2.4913
8875,370,18,Bayes Bay,1.0576,0.0005,0.0008,-0.1557,-0.0737,0.1723,1.9921
8875,370,18,Offshore B,1.0753,-0.0006,0.0007,-0.1314,-0.0067,0.1316,1.6931
8876,370,19,Offshore A,1.0823,0.0002,0.0008,-0.0586,-0.0318,0.0667,1.3059
8876,370,19,GANopolis,1.0676,-0.0002,-0.0014,-0.0041,0.1265,0.1266,1.6643
8876,370,19,Tensorburg,1.0962,-0.0001,0.0014,-0.1084,0.0363,0.1143,1.5798
8876,370,19,Offshore B,1.0861,-0.0033,-0.0019,-0.1193,0.0054,0.1195,1.6129
8876,370,19,Sparseville,1.0783,-0.0015,-0.0014,-0.0801,-0.0108,0.081,1.3826
8876,370,19,Bayes Bay,1.0737,-0.0018,-0.001,-0.1526,-0.0616,0.1645,1.9315
8876,370,19,ReLU Ridge,1.0942,0.0017,0.0027,-0.1193,0.0329,0.1238,1.6417
8876,370,19,Gradient Grove,1.0366,-0.0012,-0.0026,-0.1152,-0.2359,0.2649,2.8894
8877,370,20,Sparseville,1.0891,-0.0023,-0.0026,-0.0931,0.0192,0.0958,1.4679
8877,370,20,Offshore B,1.1002,-0.0038,-0.0027,-0.107,0.0176,0.1086,1.5439
8877,370,20,Bayes Bay,1.0899,-0.0047,-0.0037,-0.1378,-0.0512,0.147,1.8006
8877,370,20,GANopolis,1.0913,-0.0011,-0.002,-0.0298,0.1425,0.1478,1.8078
8877,370,20,Offshore A,1.0806,0.0011,0.0014,-0.0572,-0.0225,0.0616,1.2796
8877,370,20,Tensorburg,1.1009,0.0031,0.0044,-0.0973,0.0416,0.1058,1.527
8877,370,20,ReLU Ridge,1.0909,0.0014,0.0024,-0.0921,0.0259,0.0959,1.468
8877,370,20,Gradient Grove,1.0922,-0.0011,-0.0023,-0.1103,-0.1276,0.1688,1.9779
8878,370,21,GANopolis,1.0911,0.001,0.0004,-0.0616,0.0855,0.1054,1.5251
8878,370,21,Gradient Grove,1.0851,-0.0011,-0.0018,-0.0975,-0.0861,0.1312,1.6909
8878,370,21,Tensorburg,1.1079,0.0021,0.003,-0.0906,0.0503,0.1037,1.5141
8878,370,21,Offshore A,1.0894,0.0016,0.0016,-0.0637,-0.0138,0.0653,1.2983
8878,370,21,ReLU Ridge,1.1007,0.0007,0.0013,-0.0818,0.0288,0.0867,1.4148
8878,370,21,Bayes Bay,1.1063,-0.0032,-0.0022,-0.1227,-0.0427,0.13,1.682
8878,370,21,Offshore B,1.1015,-0.0022,-0.0014,-0.1004,0.0307,0.105,1.5222
8878,370,21,Sparseville,1.0969,-0.0032,-0.0036,-0.1196,0.0555,0.1319,1.696
8879,370,22,ReLU Ridge,1.1081,-0.0023,-0.002,-0.0749,0.0201,0.0778,1.3651
8879,370,22,Gradient Grove,1.1119,-0.0015,-0.0019,-0.1218,-0.0562,0.1344,1.713
8879,370,22,Bayes Bay,1.1144,-0.0012,-0.0006,-0.1108,-0.0402,0.1179,1.6026
8879,370,22,Offshore B,1.1038,-0.0012,-0.0007,-0.0955,0.0394,0.1033,1.5118
8879,370,22,Sparseville,1.102,-0.0033,-0.0034,-0.1364,0.0495,0.1452,1.7874
8879,370,22,Tensorburg,1.1136,-0.0013,-0.0008,-0.0952,0.0518,0.1084,1.5427
8879,370,22,GANopolis,1.114,0.0032,0.0029,-0.0863,0.0738,0.114,1.5782
8879,370,22,Offshore A,1.1055,0.0026,0.0025,-0.0655,-0.005,0.0657,1.3006
8880,370,23,Tensorburg,1.0862,-0.0048,-0.0047,-0.0974,0.0237,0.1015,1.5013
8880,370,23,Gradient Grove,1.1237,-0.002,-0.0021,-0.094,-0.0323,0.0996,1.4907
8880,370,23,GANopolis,1.1168,0.0029,0.0028,-0.1089,0.0701,0.1296,1.6807
8880,370,23,ReLU Ridge,1.1098,-0.0049,-0.0048,-0.0931,-0.0028,0.0937,1.4556
8880,370,23,Offshore A,1.1214,0.0036,0.0036,-0.0823,-0.0073,0.0827,1.3929
8880,370,23,Offshore B,1.1116,-0.0025,-0.0024,-0.1034,0.0165,0.1054,1.5248
8880,370,23,Sparseville,1.1073,-0.0001,-0.0002,-0.1201,0.015,0.1217,1.6297
8880,370,23,Bayes Bay,1.0897,-0.003,-0.0028,-0.1017,-0.0153,0.1042,1.5176
8881,371,0,Bayes Bay,1.041,-0.0057,-0.006,-0.1094,0.0369,0.1161,1.5924
8881,371,0,Gradient Grove,1.0971,-0.0003,-0.0003,-0.0723,-0.0049,0.0728,1.339
8881,371,0,Offshore B,1.0786,-0.0042,-0.0044,-0.1125,-0.0197,0.1146,1.5814
8881,371,0,GANopolis,1.0854,0.0016,0.0018,-0.1461,0.064,0.1605,1.901
8881,371,0,Sparseville,1.0566,0.0024,0.0024,-0.0819,-0.0292,0.0882,1.4233
8881,371,0,ReLU Ridge,1.0847,-0.0053,-0.0054,-0.1322,-0.0246,0.1345,1.7144
8881,371,0,Tensorburg,1.0448,-0.0055,-0.0058,-0.1141,-0.0245,0.1172,1.5992
8881,371,0,Offshore A,1.1057,0.0044,0.0045,-0.1154,-0.0123,0.1161,1.5919
8882,371,1,Offshore A,1.0285,0.0039,0.0045,-0.121,-0.0082,0.1213,1.6247
8882,371,1,Tensorburg,1.0385,-0.0023,-0.003,-0.1299,-0.0342,0.1344,1.7119
8882,371,1,ReLU Ridge,1.0192,-0.0061,-0.0062,-0.144,-0.0337,0.1479,1.807
8882,371,1,Bayes Bay,1.0309,-0.0054,-0.0058,-0.1218,0.0478,0.1309,1.6881
8882,371,1,Sparseville,1.0312,0.0007,0.0005,-0.0957,-0.0532,0.1095,1.5516
8882,371,1,GANopolis,1.0395,0.0017,0.0022,-0.1185,-0.0216,0.1218,1.6295
8882,371,1,Gradient Grove,1.0163,0.0024,0.0022,-0.0365,0.0117,0.0385,1.1668
8882,371,1,Offshore B,1.0176,-0.0037,-0.0042,-0.1257,-0.0339,0.1302,1.6845
8883,371,2,Tensorburg,0.9948,0.0004,-0.0006,-0.1467,-0.0502,0.1551,1.8613
8883,371,2,Gradient Grove,0.9958,0.0041,0.0034,-0.0343,0.0002,0.0347,1.1492
8883,371,2,Bayes Bay,0.9813,-0.0008,-0.0013,-0.1153,0.0641,0.1321,1.6965
8883,371,2,Offshore A,1.01,0.0015,0.0025,-0.1158,0.0033,0.1159,1.5898
8883,371,2,ReLU Ridge,0.9972,-0.0062,-0.0064,-0.1288,-0.0229,0.131,1.6886
8883,371,2,GANopolis,1.0079,0.0019,0.0028,-0.0971,-0.0319,0.1022,1.5052
8883,371,2,Sparseville,0.9865,-0.0009,-0.0012,-0.1276,-0.0555,0.1393,1.7463
8883,371,2,Offshore B,0.9913,-0.001,-0.0014,-0.152,-0.032,0.1554,1.8617
8884,371,3,Offshore A,0.9874,-0.0008,0.0008,-0.1116,0.0103,0.1121,1.566
8884,371,3,Gradient Grove,0.9745,0.0014,0.0002,-0.0409,-0.0191,0.0456,1.1999
8884,371,3,Offshore B,0.9688,0.0006,0.0013,-0.1539,-0.0135,0.1546,1.8562
8884,371,3,Bayes Bay,0.9617,0.002,0.0014,-0.1317,0.086,0.1573,1.877
8884,371,3,Tensorburg,0.9776,0.0006,-0.0007,-0.1858,-0.0608,0.1956,2.1877
8884,371,3,Sparseville,0.9684,-0.0003,-0.0003,-0.1428,-0.039,0.1482,1.809
8884,371,3,GANopolis,0.9888,0.0021,0.0033,-0.095,-0.0208,0.0973,1.4761
8884,371,3,ReLU Ridge,0.9757,-0.0051,-0.0052,-0.1217,-0.0014,0.1219,1.6289
8885,371,4,Offshore B,0.9612,-0.0013,0.0007,-0.1368,0.0038,0.1369,1.7297
8885,371,4,Gradient Grove,0.96,-0.0025,-0.0042,-0.0323,-0.0385,0.0505,1.2236
8885,371,4,GANopolis,0.9705,0.0018,0.0031,-0.0755,-0.0073,0.076,1.3554
8885,371,4,ReLU Ridge,0.9589,-0.0037,-0.0038,-0.1059,0.025,0.1091,1.5472
8885,371,4,Offshore A,0.9713,-0.0023,-0.0004,-0.1057,0.0153,0.1068,1.5328
8885,371,4,Sparseville,0.9572,-0.0005,-0.0001,-0.1285,-0.0301,0.132,1.6967
8885,371,4,Tensorburg,0.9622,-0.0014,-0.003,-0.1594,-0.0892,0.1828,2.0784
8885,371,4,Bayes Bay,0.9439,0.001,0.0004,-0.1502,0.0941,0.1772,2.0323
8886,371,5,Gradient Grove,0.9526,-0.0049,-0.0069,-0.0269,-0.0371,0.046,1.2022
8886,371,5,Bayes Bay,0.9305,0.0007,0.0003,-0.1668,0.0841,0.1869,2.1118
8886,371,5,Offshore B,0.9535,-0.0035,-0.0015,-0.1073,0.0168,0.1088,1.5457
8886,371,5,Sparseville,0.9438,-0.0027,-0.0021,-0.0901,-0.0331,0.0961,1.4701
8886,371,5,Tensorburg,0.9491,-0.002,-0.0036,-0.1584,-0.0557,0.1688,1.9641
8886,371,5,Offshore A,0.964,-0.0005,0.0015,-0.0954,0.0187,0.0972,1.4755
8886,371,5,ReLU Ridge,0.9488,-0.0014,-0.0014,-0.1016,0.0496,0.1132,1.5726
8886,371,5,GANopolis,0.9577,-0.0005,0.0006,-0.0633,0.0077,0.064,1.2918
8887,371,6,Sparseville,0.9334,-0.0044,-0.0039,-0.0464,-0.0407,0.0629,1.2868
8887,371,6,Bayes Bay,0.9294,0.0009,0.001,-0.1562,0.0742,0.173,1.9981
8887,371,6,Tensorburg,0.9381,-0.0017,-0.003,-0.1701,-0.0112,0.1707,1.9792
8887,371,6,GANopolis,0.9366,-0.0019,-0.0011,-0.0438,0.0245,0.0507,1.2251
8887,371,6,Gradient Grove,0.9397,-0.0052,-0.0072,-0.0364,-0.0112,0.0395,1.1711
8887,371,6,ReLU Ridge,0.9313,0.0018,0.0019,-0.0994,0.0687,0.1208,1.6216
8887,371,6,Offshore A,0.9496,0.0024,0.0045,-0.0847,0.0211,0.0872,1.4177
8887,371,6,Offshore B,0.9453,-0.0028,-0.0012,-0.0889,0.0294,0.0938,1.4553
8888,371,7,GANopolis,0.9239,-0.0002,0.0,-0.0311,0.0388,0.0499,1.2207
8888,371,7,Gradient Grove,0.9393,-0.0046,-0.0065,-0.0633,0.0045,0.0635,1.2901
8888,371,7,ReLU Ridge,0.9264,0.0038,0.004,-0.0996,0.0792,0.1272,1.6633
8888,371,7,Offshore B,0.9336,-0.0008,0.0002,-0.0718,0.0418,0.0833,1.3955
8888,371,7,Sparseville,0.9081,-0.0028,-0.0027,-0.0144,-0.0651,0.0669,1.3079
8888,371,7,Bayes Bay,0.9272,0.0002,0.0008,-0.1375,0.0675,0.1532,1.846
8888,371,7,Tensorburg,0.9308,-0.001,-0.002,-0.1656,0.0017,0.1656,1.9392
8888,371,7,Offshore A,0.9434,0.0047,0.0066,-0.0711,0.0216,0.0743,1.3462
8889,371,8,Tensorburg,0.9224,-0.0004,-0.0009,-0.1611,0.0042,0.1611,1.9051
8889,371,8,Offshore B,0.9245,0.0012,0.0017,-0.0614,0.0557,0.083,1.3937
8889,371,8,ReLU Ridge,0.9174,0.0013,0.0015,-0.0976,0.0825,0.1278,1.6673
8889,371,8,Bayes Bay,0.9285,-0.0003,0.0005,-0.12,0.0574,0.1331,1.7035
8889,371,8,Offshore A,0.9304,0.0056,0.0071,-0.0537,0.0188,0.0569,1.2559
8889,371,8,Gradient Grove,0.933,-0.0054,-0.007,-0.1011,-0.0113,0.1019,1.505
8889,371,8,GANopolis,0.9165,0.0025,0.0022,-0.0379,0.0371,0.0534,1.238
8889,371,8,Sparseville,0.9077,-0.0007,-0.001,-0.0229,-0.0998,0.1025,1.5086
8890,371,9,Gradient Grove,0.9269,-0.0065,-0.0076,-0.1342,-0.0236,0.1362,1.7252
8890,371,9,ReLU Ridge,0.9163,-0.0008,-0.0006,-0.0932,0.0779,0.1214,1.6254
8890,371,9,Offshore A,0.9182,0.0052,0.0061,-0.0322,0.0105,0.0339,1.1461
8890,371,9,GANopolis,0.9216,0.0024,0.0017,-0.0602,0.0272,0.0662,1.3036
8890,371,9,Offshore B,0.9113,0.002,0.0021,-0.0645,0.0657,0.0921,1.4454
8890,371,9,Bayes Bay,0.927,0.0014,0.002,-0.0984,0.0437,0.1077,1.5391
8890,371,9,Tensorburg,0.9193,0.0002,0.0001,-0.1505,0.0046,0.1506,1.8265
8890,371,9,Sparseville,0.9098,0.0016,0.001,-0.0586,-0.1262,0.1395,1.749
8891,371,10,ReLU Ridge,0.9107,0.0015,0.0016,-0.084,0.0671,0.1075,1.5374
8891,371,10,Sparseville,0.907,0.0014,0.0009,-0.1117,-0.1254,0.1687,1.9638
8891,371,10,Offshore B,0.9045,0.0022,0.0022,-0.084,0.0708,0.11,1.5532
8891,371,10,Bayes Bay,0.9162,0.0034,0.0037,-0.0814,0.0304,0.087,1.4163
8891,371,10,GANopolis,0.9195,-0.0016,-0.0023,-0.0744,0.0266,0.079,1.3718
8891,371,10,Tensorburg,0.9126,0.0008,0.0009,-0.1409,0.0045,0.141,1.7578
8891,371,10,Gradient Grove,0.9149,-0.0047,-0.0053,-0.153,-0.0212,0.1545,1.8557
8891,371,10,Offshore A,0.9013,0.003,0.0029,-0.0131,-0.0051,0.0146,1.0603
8892,371,11,Offshore A,0.9001,0.0021,0.0019,-0.035,-0.0139,0.0379,1.1647
8892,371,11,Gradient Grove,0.9009,0.001,0.001,-0.1395,-0.0087,0.1399,1.7547
8892,371,11,Tensorburg,0.8967,0.0015,0.0016,-0.126,0.006,0.1262,1.657
8892,371,11,GANopolis,0.9191,-0.0049,-0.0053,-0.0726,0.0381,0.082,1.3883
8892,371,11,Bayes Bay,0.8983,0.0026,0.0026,-0.0916,0.0122,0.0926,1.4491
8892,371,11,Sparseville,0.9012,-0.0006,-0.0008,-0.1339,-0.0701,0.1524,1.8421
8892,371,11,ReLU Ridge,0.9009,0.0051,0.0051,-0.0809,0.0385,0.0906,1.4373
8892,371,11,Offshore B,0.8946,0.0017,0.0017,-0.1019,0.0478,0.1133,1.5735
8893,371,12,Sparseville,0.915,-0.0026,-0.0025,-0.1007,-0.0028,0.1018,1.5061
8893,371,12,Bayes Bay,0.895,-0.0012,-0.0011,-0.1066,0.0028,0.1067,1.5323
8893,371,12,Offshore B,0.9216,0.001,0.001,-0.0951,-0.0108,0.0969,1.4738
8893,371,12,ReLU Ridge,0.8979,0.0056,0.0056,-0.0985,-0.0063,0.099,1.4876
8893,371,12,Offshore A,0.9225,-0.0019,-0.0018,-0.0979,0.0004,0.0982,1.4865
8893,371,12,Tensorburg,0.8841,0.0027,0.0026,-0.0975,-0.0008,0.0975,1.4785
8893,371,12,GANopolis,0.91,-0.0052,-0.0051,-0.0784,0.0267,0.0835,1.3969
8893,371,12,Gradient Grove,0.897,0.0033,0.0031,-0.0924,0.0011,0.0924,1.4474
8894,371,13,Gradient Grove,0.955,0.0012,0.0005,-0.1069,-0.0016,0.1069,1.5341
8894,371,13,Offshore A,0.964,-0.0052,-0.0046,-0.1441,0.0215,0.1457,1.7915
8894,371,13,GANopolis,0.9686,-0.0031,-0.0024,-0.0923,0.0012,0.0923,1.4468
8894,371,13,Sparseville,0.9502,-0.0042,-0.0041,-0.0555,0.0343,0.0658,1.3014
8894,371,13,Tensorburg,0.9443,0.0047,0.0042,-0.0779,-0.0142,0.0792,1.373
8894,371,13,Offshore B,0.9499,0.0012,0.001,-0.0706,-0.0566,0.0912,1.4403
8894,371,13,Bayes Bay,0.9521,-0.0023,-0.002,-0.1054,0.0135,0.1064,1.5304
8894,371,13,ReLU Ridge,0.9507,0.0025,0.0027,-0.1218,-0.0242,0.1242,1.6437
8895,371,14,Offshore B,0.9754,-0.0001,-0.0005,-0.0596,-0.073,0.0942,1.4578
8895,371,14,Tensorburg,1.003,0.0038,0.0029,-0.0994,-0.0163,0.1008,1.4969
8895,371,14,GANopolis,1.0181,-0.0027,-0.0015,-0.0816,-0.0001,0.0816,1.3863
8895,371,14,Offshore A,1.0031,-0.0073,-0.0062,-0.1265,0.0238,0.1288,1.6741
8895,371,14,Bayes Bay,1.004,-0.0005,0.0001,-0.1074,0.0273,0.1109,1.5581
8895,371,14,Gradient Grove,0.9959,0.0002,-0.0008,-0.1039,-0.0105,0.1045,1.5188
8895,371,14,ReLU Ridge,0.9957,-0.0044,-0.0046,-0.1052,-0.0057,0.1058,1.5274
8895,371,14,Sparseville,0.9905,-0.0043,-0.0042,-0.0729,0.0431,0.0847,1.404
8896,371,15,ReLU Ridge,1.0164,-0.004,-0.0045,-0.1159,0.0381,0.1224,1.6344
8896,371,15,Gradient Grove,1.0246,0.0016,0.0006,-0.1137,-0.0152,0.1148,1.583
8896,371,15,Sparseville,1.0135,-0.0041,-0.0041,-0.0788,0.0354,0.0865,1.4134
8896,371,15,Offshore B,1.0234,-0.0017,-0.0024,-0.0511,-0.0688,0.0859,1.4105
8896,371,15,GANopolis,1.0254,-0.004,-0.0025,-0.0745,0.0023,0.0746,1.3475
8896,371,15,Offshore A,1.0422,-0.0055,-0.0039,-0.1236,0.0232,0.1258,1.6537
8896,371,15,Tensorburg,1.0106,0.0007,-0.0006,-0.113,-0.0168,0.1142,1.5792
8896,371,15,Bayes Bay,1.0112,-0.0012,-0.0005,-0.0847,0.039,0.0934,1.4534
8897,371,16,GANopolis,1.0501,-0.0036,-0.0022,-0.0605,0.0027,0.0606,1.275
8897,371,16,Gradient Grove,1.0323,0.004,0.0033,-0.1218,-0.0138,0.1225,1.6326
8897,371,16,Offshore A,1.0514,-0.0018,0.0002,-0.113,0.0247,0.1156,1.5885
8897,371,16,Tensorburg,1.0455,-0.0026,-0.004,-0.1172,-0.032,0.1216,1.6265
8897,371,16,Offshore B,1.0261,-0.0014,-0.0022,-0.0188,-0.0625,0.0658,1.3009
8897,371,16,Sparseville,1.0402,-0.0045,-0.0045,-0.0908,0.0159,0.0924,1.4476
8897,371,16,Bayes Bay,1.0386,-0.0021,-0.0016,-0.066,0.0535,0.0852,1.4063
8897,371,16,ReLU Ridge,1.0315,-0.0042,-0.0047,-0.1391,0.0717,0.1565,1.8709
8898,371,17,Bayes Bay,1.0318,0.0006,0.0006,-0.0539,0.0708,0.0891,1.4284
8898,371,17,Sparseville,1.0462,-0.0043,-0.0043,-0.0972,0.0046,0.0973,1.476
8898,371,17,Tensorburg,1.0483,-0.0015,-0.003,-0.1251,-0.0429,0.1323,1.6975
8898,371,17,GANopolis,1.0488,-0.0002,0.0003,-0.0394,0.0012,0.0394,1.1708
8898,371,17,Gradient Grove,1.0509,0.0031,0.0027,-0.1218,-0.0227,0.124,1.6422
8898,371,17,Offshore A,1.0753,0.0019,0.0042,-0.1006,0.029,0.1047,1.5203
8898,371,17,ReLU Ridge,1.0464,-0.0032,-0.0035,-0.1555,0.069,0.1703,1.9762
8898,371,17,Offshore B,1.0443,-0.001,-0.002,0.0091,-0.0711,0.0721,1.3351
8899,371,18,GANopolis,1.0644,0.0017,-0.0002,-0.0506,-0.0029,0.0507,1.2251
8899,371,18,Tensorburg,1.0675,0.0018,0.0003,-0.1263,-0.0294,0.1298,1.6808
8899,371,18,Bayes Bay,1.0497,0.0045,0.0041,-0.0587,0.0823,0.1011,1.4987
8899,371,18,Sparseville,1.0614,-0.0038,-0.0038,-0.1023,-0.0015,0.1023,1.5058
8899,371,18,Offshore B,1.0375,-0.0022,-0.0034,0.0365,-0.1041,0.1104,1.5578
8899,371,18,Offshore A,1.0797,0.0027,0.005,-0.0961,0.0362,0.1027,1.508
8899,371,18,Gradient Grove,1.0514,0.0003,0.0001,-0.1152,-0.0425,0.1231,1.6366
8899,371,18,ReLU Ridge,1.0562,0.0012,0.0014,-0.1543,0.0507,0.1624,1.9157
8900,371,19,ReLU Ridge,1.075,0.003,0.0035,-0.1233,0.0429,0.1306,1.6871
8900,371,19,Gradient Grove,1.0594,-0.0015,-0.0018,-0.0957,-0.0682,0.1179,1.6023
8900,371,19,Offshore A,1.0896,-0.0003,0.0019,-0.0937,0.0421,0.1027,1.5081
8900,371,19,GANopolis,1.0763,0.0024,0.0004,-0.0594,-0.0021,0.0595,1.2688
8900,371,19,Tensorburg,1.0729,0.004,0.0025,-0.1117,-0.0205,0.1136,1.5754
8900,371,19,Sparseville,1.0661,-0.003,-0.003,-0.1118,-0.0143,0.1129,1.5707
8900,371,19,Bayes Bay,1.0579,0.0045,0.0038,-0.0735,0.09,0.1163,1.5925
8900,371,19,Offshore B,1.0402,-0.0033,-0.0047,0.0269,-0.1555,0.1583,1.8862
8901,371,20,Gradient Grove,1.0676,-0.0012,-0.0017,-0.0834,-0.0825,0.1173,1.599
8901,371,20,Tensorburg,1.0765,0.0036,0.0022,-0.1138,-0.0285,0.1173,1.5992
8901,371,20,Offshore A,1.1,-0.003,-0.0011,-0.0971,0.0428,0.1061,1.529
8901,371,20,Sparseville,1.0718,-0.001,-0.001,-0.1132,-0.0315,0.1176,1.601
8901,371,20,Offshore B,1.0551,-0.0035,-0.0049,0.0124,-0.1805,0.1812,2.0648
8901,371,20,GANopolis,1.0842,0.0025,0.0008,-0.0559,0.0132,0.0581,1.2618
8901,371,20,ReLU Ridge,1.0862,0.0011,0.0017,-0.1029,0.0434,0.1117,1.564
8901,371,20,Bayes Bay,1.0673,0.0015,0.0009,-0.0938,0.088,0.1287,1.6737
8902,371,21,Offshore B,1.0726,-0.0038,-0.0049,-0.0093,-0.1576,0.1582,1.8839
8902,371,21,Sparseville,1.0809,0.0023,0.0023,-0.1175,-0.0505,0.1279,1.6684
8902,371,21,Tensorburg,1.0836,0.0017,0.0007,-0.1304,-0.0316,0.1343,1.7114
8902,371,21,ReLU Ridge,1.0904,-0.0009,-0.0006,-0.0784,0.0493,0.0928,1.4497
8902,371,21,Bayes Bay,1.0804,-0.0022,-0.0027,-0.1117,0.0751,0.1348,1.7145
8902,371,21,GANopolis,1.089,0.0024,0.0013,-0.0409,0.0298,0.0507,1.2248
8902,371,21,Gradient Grove,1.0876,-0.0008,-0.0015,-0.0812,-0.0708,0.1081,1.541
8902,371,21,Offshore A,1.1024,-0.0063,-0.0047,-0.0994,0.0347,0.1053,1.5238
8903,371,22,ReLU Ridge,1.0953,-0.0014,-0.0014,-0.0663,0.0641,0.0923,1.4467
8903,371,22,Bayes Bay,1.0891,-0.0058,-0.0061,-0.1236,0.0556,0.1357,1.7211
8903,371,22,Offshore A,1.113,-0.0057,-0.0046,-0.0942,0.0265,0.0979,1.4796
8903,371,22,Gradient Grove,1.1014,-0.0018,-0.0025,-0.0802,-0.0425,0.0911,1.4406
8903,371,22,Sparseville,1.0864,0.0033,0.0033,-0.1223,-0.0578,0.1353,1.7178
8903,371,22,Offshore B,1.0778,-0.0027,-0.0034,-0.0683,-0.1454,0.1617,1.9098
8903,371,22,Tensorburg,1.0887,0.0019,0.0018,-0.1464,-0.0109,0.1471,1.8009
8903,371,22,GANopolis,1.0951,0.0031,0.0025,-0.0635,0.0131,0.0657,1.3018
8904,371,23,Offshore A,1.12,-0.0033,-0.0027,-0.0926,0.0171,0.0941,1.4573
8904,371,23,Offshore B,1.1153,-0.0012,-0.0015,-0.0861,-0.0964,0.1302,1.6884
8904,371,23,GANopolis,1.1081,0.0017,0.0016,-0.1028,-0.004,0.1028,1.5098
8904,371,23,ReLU Ridge,1.1077,-0.002,-0.0021,-0.0813,0.0694,0.1071,1.5348
8904,371,23,Sparseville,1.1006,-0.0003,-0.0003,-0.1164,-0.0445,0.1247,1.6474
8904,371,23,Bayes Bay,1.1006,-0.0058,-0.0059,-0.1202,0.0295,0.124,1.6426
8904,371,23,Gradient Grove,1.1283,-0.0021,-0.0026,-0.0592,0.0084,0.0617,1.2802
8904,371,23,Tensorburg,1.0972,0.004,0.0042,-0.1376,0.0092,0.138,1.7368
